create database QUANLIDICHVU
go
USE  QUANLIDICHVU
go
CREATE TABLE CHI_TIET_SU_DUNG_DV
(
	MaDatPhong CHAR(10) NOT NULL,
	MaDV CHAR(10) NOT NULL,
	SoLuong INT NOT NULL,
)
CREATE TABLE DICH_VU_DI_KEM
(
	MaDV CHAR(10) NOT NULL,
	TenDV NVARCHAR(100) NOT NULL,
	DonViTinh NVARCHAR(10) NOT NULL,
	DonGia FLOAT,
)
CREATE TABLE DAT_PHONG
(
	MaDatPhong CHAR(10) NOT NULL,
	MaPhong CHAR(10) NOT NULL,
	MaKH CHAR(10) NOT NULL,
	NgayDat DATE NOT NULL,
	GioBatDau TIME NOT NULL,
	GioKetThuc Time not null,
	TienDatCoc float not null,
	GhiChu nvarchar(100) null,

)
go
CREATE TABLE PHONG
(
	MaPhong char(10) not null,
	LoaiPhong char(10) not null,
	SoKhachToiDa int null,
	GiaPhong float,
	TrangThaiDat nvarchar(20) not null,
	Mota nvarchar(20) null,
)
CREATE TABLE KHACH_HANG
(
	MaKH char(10) not null,
	TenKH nvarchar(100) not null,
	DiaChi nvarchar(100) not null,
	SoDT char(10) not null,
)
alter table DICH_VU_DI_KEM add constraint pk_madv primary key(MaDV)
alter table CHI_TIET_SU_DUNG_DV add constraint pk_madatphong_madv primary key(MaDatPhong,MaDV)
alter table DAT_PHONG add constraint pk_MaPhong primary key(MaDatPhong)
alter table PHONG add constraint pk_Maphong_Phong primary key(MaPhong)
alter table KHACH_HANG add constraint pk_maKH primary key(MaKH)
alter table CHI_TIET_SU_DUNG_DV add constraint fk_madv foreign key(MaDV) references DICH_VU_DI_KEM(MaDV)
alter table DAT_PHONG add constraint fk_maphong foreign key(MaPhong) references PHONG(MaPhong)
alter table DAT_PHONG add constraint fk_maKH foreign key(MaKH) references KHACH_HANG(MaKH)
alter table CHI_TIET_SU_DUNG_DV add constraint fk_MaDatPhong foreign key(MaDatPhong) references DAT_PHONG(MaDatPhong)
go
insert into KHACH_HANG values('KH01',N'TRẦN LÊ VĂN',N'23 TRẦN PHÚ, QUY NHƠN',0905238567)
insert into KHACH_HANG values('KH02',N'TRẦN An Nhiên',N'20 TRẦN PHÚ, QUY NHƠN',0123456789)
insert into KHACH_HANG values('KH03',N'Hồ Đức Toàn',N'20 Nguyễn Thị Đinh, QUY NHƠN',0905236789)
insert into KHACH_HANG values('KH04',N'Lê Ngọc Hà',N'10 Nguyễn Thị Đinh, QUY NHƠN',0905236787)
insert into KHACH_HANG values('KH05',N'Nguyễn Hòa Bình',N'10 Ngô Mây, QUY NHƠN',0905236757)
insert into KHACH_HANG values('KH06',N'Nguyễn Thanh Bình',N'15 Ngô Thời Nhiệm, Gia Lai',0905236457)
insert into KHACH_HANG values('KH07',N'Nguyễn Thanh An',N'25 Ngô Thời Nhiệm, Gia Lai',0905636457)
insert into KHACH_HANG values('KH08',N'Phan Hoài Nam',N'20 Tố Hữu, Gia Lai',0905636557)
insert into KHACH_HANG values('KH09',N'Lê Thanh Hải',N'10 Tố Hữu, Gia Lai',0905638757)
insert into KHACH_HANG values('KH10',N'Lê Hải Yến',N'10 Hoàng Hoa Thám, Gia Lai',0905625756)
insert into KHACH_HANG values('KH11',N'Lê Lai',N'25 Hoàng Hoa Thám, Phú Yên',0985625756)
insert into KHACH_HANG values('KH12',N'Lê Hồng Hải',N'25 Nguyễn Khuyến, Phú Yên',0985625897)
insert into KHACH_HANG values('KH13',N'Trần Khánh Ngọc',N'12 Hoàng Hoa Thám, Quy Nhơn',0985643756)
insert into KHACH_HANG values('KH14',N'Trần Khánh Ngân',N'12 Hoàng Hoa Thám, Phú Yên',0985643222)
insert into KHACH_HANG values('KH15',N'Trần Đức Nhân',N'12 Nguyễn Thanh Trà, Phú Yên',0984567756)
insert into KHACH_HANG values('KH16',N'Trần Thiên Thư',N'12 Nguyễn Thái Học, Quy Nhơn',098569876)
insert into KHACH_HANG values('KH17',N'Trần Hồng Hạnh',N'12 Nguyễn Thái Học, Phú Yên',0982364578)
insert into KHACH_HANG values('KH18',N'Trần Minh Hoài',N'200 Trần Phú, Phú Yên',0902364578)
insert into KHACH_HANG values('KH19',N'Lý Chiến Thắng',N'120 Nguyễn Thái Học, Quy Nhơn',0902364578)
insert into KHACH_HANG values('KH20',N'Trần Anh Minh',N'300 Nguyễn Thái Học, Gia Lai',0902364578)
insert into KHACH_HANG values('KH21',N'Trần Tố Quyên',N'30 Lê Thánh Tôn, Quy Nhơn',0905345769)

go
insert into PHONG values('MP01','VIP',5,200000,N'Trống',N'Phòng nhỏ')
insert into PHONG values('MP02','VIP',5,200000,N'Trống',N'Phòng nhỏ')
insert into PHONG values('MP03',N'Thường',15,100000,N'Trống',N'Phòng lớn')
insert into PHONG values('MP04',N'VIP',18,150000,N'Trống',N'Phòng lớn')
insert into PHONG values('MP05',N'Thường',18,150000,N'Trống',N'Phòng lớn')
insert into PHONG values('MP06',N'VIP',18,250000,N'Trống',N'Phòng Lớn')
insert into PHONG values('MP07',N'Thường',18,150000,N'Trống',N'Phòng lớn')
insert into PHONG values('MP08',N'VIP',20,250000,N'Trống',N'Phòng lớn')
insert into PHONG values('MP09',N'Thường',5,1000000,N'Trống',N'Phòng nhỏ')
insert into PHONG values('MP10',N'VIP',20,250000,N'Trống',N'Phòng nhỏ')
insert into PHONG values('MP11',N'Thường',10,100000,N'Trống',N'Phòng nhỏ')
insert into PHONG values('MP12',N'Thường',10,100000,N'Đã đặt',N'Phòng nhỏ')
insert into PHONG values('MP15',N'VIP',10,150000,N'Đã đặt',N'Phòng nhỏ')

go



insert into DAT_PHONG values('MDP01','MP01','KH01','2022-04-30','12:03:00','13:00:21',200000,NULL)
insert into DAT_PHONG values('MDP02','MP09','KH02','2022-04-30','15:0:00','18:00:00',150000,NULL)
insert into DAT_PHONG values('MDP03','MP06','KH03','2022-04-30','15:0:00','18:00:00',150000,NULL)
insert into DAT_PHONG values('MDP04','MP05','KH05','2022-02-12','14:0:00','18:00:00',200000,NULL)
insert into DAT_PHONG values('MDP05','MP08','KH06','2022-02-12','12:0:00','18:00:00',200000,NULL)
insert into DAT_PHONG values('MDP06','MP01','KH07','2022-04-12','15:0:00','18:00:00',200000,NULL)
insert into DAT_PHONG values('MDP09','MP08','KH14','2022-03-12','19:0:00','22:00:00',100000,NULL)
insert into DAT_PHONG values('MDP10','MP06','KH13','2022-03-12','17:0:00','20:00:00',50000,NULL)
insert into DAT_PHONG values('MDP11','MP07','KH15','2022-04-30','12:03:00','13:00:21',200000,NULL)
insert into DAT_PHONG values('MDP12','MP10','KH02','2022-05-30','15:0:00','18:00:00',150000,NULL)
insert into DAT_PHONG values('MDP13','MP09','KH03','2022-05-30','15:0:00','18:00:00',150000,NULL)
insert into DAT_PHONG values('MDP14','MP07','KH05','2022-05-12','14:0:00','18:00:00',200000,NULL)
insert into DAT_PHONG values('MDP15','MP07','KH06','2022-06-12','12:0:00','18:00:00',200000,NULL)
insert into DAT_PHONG values('MDP16','MP10','KH07','2022-05-12','15:0:00','18:00:00',200000,NULL)
insert into DAT_PHONG values('MDP17','MP05','KH11','2022-05-12','15:0:00','18:00:00',100000,NULL)
insert into DAT_PHONG values('MDP18','MP01','KH01','2022-05-12','15:0:00','18:00:00',50000,NULL)
insert into DAT_PHONG values('MDP19','MP03','KH14','2022-05-12','19:0:00','22:00:00',100000,NULL)
insert into DAT_PHONG values('MDP20','MP01','KH13','2022-05-12','17:0:00','20:00:00',50000,NULL)
insert into DAT_PHONG values('MDP21','MP09','KH01','2022-04-20','14:30:00','19:00:00',200000,NULL)
insert into DAT_PHONG values('MDP22','MP01','KH02','2022-04-10','15:0:00','18:00:00',150000,NULL)
insert into DAT_PHONG values('MDP23','MP02','KH03','2022-04-15','14:0:00','18:00:00',150000,NULL)
insert into DAT_PHONG values('MDP24','MP02','KH05','2022-03-12','14:0:00','18:00:00',200000,NULL)
insert into DAT_PHONG values('MDP25','MP04','KH06','2022-03-12','12:0:00','18:00:00',200000,NULL)
insert into DAT_PHONG values('MDP26','MP10','KH07','2022-03-20','15:0:00','19:00:00',200000,NULL)
insert into DAT_PHONG values('MDP28','MP03','KH01','2022-03-12','15:0:00','18:00:00',50000,NULL)
insert into DAT_PHONG values('MDP29','MP05','KH14','2022-03-08','19:0:00','22:00:00',100000,NULL)
insert into DAT_PHONG values('MDP30','MP07','KH13','2022-03-12','17:0:00','20:00:00',50000,NULL)
insert into DAT_PHONG values('MDP31','MP04','KH15','2022-04-22','12:03:00','13:00:21',200000,NULL)
insert into DAT_PHONG values('MDP32','MP10','KH04','2022-05-30','14:0:00','19:00:00',150000,NULL)
insert into DAT_PHONG values('MDP33','MP07','KH03','2022-05-30','15:0:00','20:00:00',150000,NULL)
insert into DAT_PHONG values('MDP34','MP05','KH05','2022-05-12','14:0:00','18:00:00',200000,NULL)
insert into DAT_PHONG values('MDP35','MP07','KH06','2022-05-11','12:0:00','18:00:00',200000,NULL)
insert into DAT_PHONG values('MDP36','MP06','KH07','2022-05-12','15:30:00','20:00:00',200000,NULL)
insert into DAT_PHONG values('MDP37','MP05','KH11','2022-05-10','15:0:00','20:00:00',100000,NULL)
insert into DAT_PHONG values('MDP38','MP04','KH10','2022-05-11','15:0:00','18:00:00',50000,NULL)
insert into DAT_PHONG values('MDP39','MP03','KH14','2022-05-12','19:0:00','22:00:00',100000,NULL)
insert into DAT_PHONG values('MDP40','MP01','KH13','2022-05-20','17:0:00','20:00:00',50000,NULL)
insert into DAT_PHONG values('MDP41','MP01','KH05','2022-03-30','12:03:00','13:00:21',200000,NULL)
insert into DAT_PHONG values('MDP42','MP01','KH04','2022-06-30','15:0:00','18:00:00',150000,NULL)
insert into DAT_PHONG values('MDP43','MP02','KH02','2022-05-30','15:0:00','18:00:00',150000,NULL)
insert into DAT_PHONG values('MDP44','MP08','KH06','2022-05-12','19:0:00','21:00:00',200000,NULL)
insert into DAT_PHONG values('MDP45','MP04','KH04','2022-05-14','12:0:00','18:00:00',200000,NULL)
insert into DAT_PHONG values('MDP46','MP01','KH03','2022-05-11','15:0:00','18:00:00',200000,NULL)
insert into DAT_PHONG values('MDP47','MP02','KH15','2022-05-01','15:0:00','18:00:00',100000,NULL)
insert into DAT_PHONG values('MDP48','MP03','KH02','2022-05-02','15:0:00','18:00:00',50000,NULL)
insert into DAT_PHONG values('MDP49','MP05','KH10','2022-05-03','19:0:00','22:00:00',100000,NULL)
insert into DAT_PHONG values('MDP50','MP06','KH11','2022-05-06','17:0:00','20:00:00',50000,NULL)
insert into DAT_PHONG values('MDP51','MP01','KH13','2022-05-07','12:03:00','13:00:21',200000,NULL)
insert into DAT_PHONG values('MDP52','MP10','KH01','2022-05-10','15:0:00','18:00:00',150000,NULL)
insert into DAT_PHONG values('MDP53','MP09','KH02','2022-05-20','15:0:00','18:00:00',150000,NULL)
insert into DAT_PHONG values('MDP54','MP08','KH03','2022-05-17','14:0:00','18:00:00',200000,NULL)
insert into DAT_PHONG values('MDP55','MP07','KH09','2022-05-15','12:0:00','18:00:00',200000,NULL)
insert into DAT_PHONG values('MDP56','MP06','KH08','2022-05-16','15:0:00','18:00:00',200000,NULL)
insert into DAT_PHONG values('MDP57','MP05','KH10','2022-05-19','15:0:00','18:00:00',100000,NULL)
insert into DAT_PHONG values('MDP58','MP04','KH04','2022-05-18','15:0:00','18:00:00',50000,NULL)
insert into DAT_PHONG values('MDP59','MP03','KH15','2022-05-22','19:0:00','22:00:00',100000,NULL)
insert into DAT_PHONG values('MDP60','MP01','KH11','2022-05-23','17:0:00','20:00:00',50000,NULL)
insert into DAT_PHONG values('MDP61','MP09','KH05','2022-05-23','14:30:00','19:00:00',200000,NULL)
insert into DAT_PHONG values('MDP62','MP01','KH04','2022-05-20','15:0:00','18:00:00',150000,NULL)
insert into DAT_PHONG values('MDP63','MP02','KH03','2022-05-25','14:0:00','18:00:00',150000,NULL)
insert into DAT_PHONG values('MDP64','MP04','KH06','2022-05-22','14:0:00','18:00:00',200000,NULL)
insert into DAT_PHONG values('MDP65','MP05','KH07','2022-05-26','12:0:00','18:00:00',200000,NULL)
insert into DAT_PHONG values('MDP66','MP10','KH08','2022-05-20','15:0:00','19:00:00',200000,NULL)
insert into DAT_PHONG values('MDP67','MP02','KH11','2022-05-30','15:0:00','18:00:00',100000,NULL)
insert into DAT_PHONG values('MDP68','MP03','KH01','2022-02-28','15:0:00','18:00:00',50000,NULL)
insert into DAT_PHONG values('MDP69','MP05','KH12','2022-05-27','19:0:00','22:00:00',100000,NULL)
insert into DAT_PHONG values('MDP70','MP06','KH14','2022-05-27','17:0:00','20:00:00',50000,NULL)
insert into DAT_PHONG values('MDP71','MP04','KH11','2022-05-30','12:03:00','13:00:21',200000,NULL)
insert into DAT_PHONG values('MDP72','MP10','KH08','2022-05-30','14:0:00','19:00:00',150000,NULL)
insert into DAT_PHONG values('MDP73','MP09','KH07','2022-05-30','12:0:00','15:00:00',150000,NULL)
insert into DAT_PHONG values('MDP74','MP04','KH05','2022-05-12','14:0:00','19:00:00',200000,NULL)
insert into DAT_PHONG values('MDP75','MP08','KH07','2022-05-11','12:0:00','18:00:00',200000,NULL)
insert into DAT_PHONG values('MDP76','MP06','KH15','2022-05-12','12:30:00','14:00:00',200000,NULL)
insert into DAT_PHONG values('MDP77','MP05','KH12','2022-05-09','15:0:00','20:00:00',100000,NULL)
insert into DAT_PHONG values('MDP78','MP04','KH06','2022-05-11','15:0:00','18:00:00',50000,NULL)
insert into DAT_PHONG values('MDP79','MP03','KH04','2022-05-12','19:0:00','22:00:00',100000,NULL)
insert into DAT_PHONG values('MDP80','MP03','KH11','2022-05-20','17:0:00','20:00:00',50000,NULL)
insert into DAT_PHONG values('MDP81','MP04','KH05','2022-06-01','12:03:00','15:00:00',0,NULL)
insert into DAT_PHONG values('MDP82','MP08','KH04','2022-06-01','14:0:00','18:00:00',150000,NULL)
insert into DAT_PHONG values('MDP83','MP02','KH02','2022-06-03','18:0:00','22:00:00',0,NULL)
insert into DAT_PHONG values('MDP84','MP09','KH06','2022-06-03','14:0:00','18:00:00',200000,NULL)
insert into DAT_PHONG values('MDP85','MP07','KH04','2022-06-04','12:0:00','18:00:00',200000,NULL)
insert into DAT_PHONG values('MDP86','MP06','KH03','2022-06-11','15:0:00','18:00:00',200000,NULL)
insert into DAT_PHONG values('MDP87','MP08','KH15','2022-06-07','16:0:00','20:00:00',0,NULL)
insert into DAT_PHONG values('MDP88','MP03','KH02','2022-06-08','15:0:00','18:00:00',50000,NULL)
insert into DAT_PHONG values('MDP89','MP08','KH10','2022-06-09','19:0:00','22:00:00',100000,NULL)
insert into DAT_PHONG values('MDP90','MP03','KH11','2022-06-06','17:0:00','20:00:00',50000,NULL)
insert into DAT_PHONG values('MDP91','MP05','KH13','2022-06-07','12:03:00','13:00:21',200000,NULL)
insert into DAT_PHONG values('MDP92','MP01','KH01','2022-06-10','15:0:00','18:00:00',150000,NULL)
insert into DAT_PHONG values('MDP93','MP07','KH02','2022-06-20','15:0:00','18:00:00',150000,NULL)
insert into DAT_PHONG values('MDP94','MP03','KH03','2022-06-17','14:0:00','18:00:00',200000,NULL)
insert into DAT_PHONG values('MDP95','MP03','KH09','2022-06-15','12:0:00','18:00:00',200000,NULL)
insert into DAT_PHONG values('MDP96','MP05','KH08','2022-06-16','15:0:00','18:00:00',200000,NULL)
insert into DAT_PHONG values('MDP97','MP04','KH10','2022-06-19','15:0:00','18:00:00',100000,NULL)
insert into DAT_PHONG values('MDP98','MP06','KH04','2022-06-18','15:0:00','18:00:00',0,NULL)
insert into DAT_PHONG values('MDP99','MP01','KH15','2022-06-22','19:0:00','22:00:00',100000,NULL)
insert into DAT_PHONG values('MDP100','MP01','KH11','2022-06-23','17:0:00','20:00:00',0,NULL)
insert into DAT_PHONG values('MDP101','MP09','KH05','2022-06-23','14:30:00','19:00:00',200000,NULL)
insert into DAT_PHONG values('MDP102','MP01','KH04','2022-06-20','15:0:00','18:00:00',0,NULL)
insert into DAT_PHONG values('MDP103','MP01','KH03','2022-06-25','14:0:00','18:00:00',150000,NULL)
insert into DAT_PHONG values('MDP104','MP04','KH06','2022-06-22','14:0:00','18:00:00',200000,NULL)
insert into DAT_PHONG values('MDP105','MP05','KH07','2022-06-26','12:0:00','18:00:00',0,NULL)
insert into DAT_PHONG values('MDP106','MP10','KH08','2022-06-20','15:0:00','19:00:00',200000,NULL)
insert into DAT_PHONG values('MDP107','MP06','KH11','2022-06-30','15:0:00','18:00:00',100000,NULL)
insert into DAT_PHONG values('MDP108','MP03','KH01','2022-06-29','15:0:00','18:00:00',0,NULL)
insert into DAT_PHONG values('MDP109','MP05','KH12','2022-06-27','19:0:00','22:00:00',100000,NULL)
insert into DAT_PHONG values('MDP110','MP06','KH14','2022-06-27','17:0:00','21:00:00',0,NULL)
insert into DAT_PHONG values('MDP111','MP08','KH11','2022-06-30','12:30:00','16:00:00',200000,NULL)
insert into DAT_PHONG values('MDP112','MP04','KH08','2022-06-30','13:0:00','19:00:00',150000,NULL)
insert into DAT_PHONG values('MDP113','MP02','KH07','2022-06-30','15:0:00','20:00:00',150000,NULL)
insert into DAT_PHONG values('MDP114','MP08','KH05','2022-06-12','14:0:00','20:00:00',200000,NULL)
insert into DAT_PHONG values('MDP115','MP02','KH07','2022-06-11','12:0:00','18:00:00',200000,NULL)
insert into DAT_PHONG values('MDP116','MP06','KH15','2022-06-12','15:30:00','22:00:00',200000,NULL)
insert into DAT_PHONG values('MDP117','MP05','KH12','2022-06-10','15:0:00','22:00:00',100000,NULL)
insert into DAT_PHONG values('MDP118','MP04','KH06','2022-06-11','15:0:00','19:00:00',0,NULL)
insert into DAT_PHONG values('MDP119','MP03','KH04','2022-06-12','19:0:00','20:00:00',100000,NULL)
insert into DAT_PHONG values('MDP120','MP01','KH11','2022-06-20','17:0:00','22:00:00',0,NULL)
insert into DAT_PHONG values('MDP121','MP01','KH01','2022-01-01','12:03:00','13:00:21',200000,NULL)
insert into DAT_PHONG values('MDP122','MP09','KH02','2022-01-01','15:0:00','18:00:00',150000,NULL)
insert into DAT_PHONG values('MDP123','MP02','KH03','2022-01-01','15:0:00','20:00:00',150000,NULL)
insert into DAT_PHONG values('MDP124','MP05','KH07','2022-01-12','14:0:00','18:00:00',200000,NULL)
insert into DAT_PHONG values('MDP125','MP03','KH08','2022-01-12','12:0:00','18:00:00',200000,NULL)
insert into DAT_PHONG values('MDP126','MP01','KH07','2022-01-12','15:0:00','18:00:00',200000,NULL)
insert into DAT_PHONG values('MDP127','MP02','KH11','2022-01-12','15:0:00','18:00:00',100000,NULL)
insert into DAT_PHONG values('MDP128','MP03','KH01','2022-01-12','15:0:00','18:00:00',50000,NULL)
insert into DAT_PHONG values('MDP129','MP05','KH14','2022-01-12','19:0:00','22:00:00',100000,NULL)
insert into DAT_PHONG values('MDP130','MP06','KH13','2022-02-12','17:0:00','20:00:00',50000,NULL)
insert into DAT_PHONG values('MDP131','MP01','KH15','2022-01-20','12:03:00','13:00:21',200000,NULL)
insert into DAT_PHONG values('MDP132','MP10','KH02','2022-01-21','15:0:00','18:00:00',150000,NULL)
insert into DAT_PHONG values('MDP133','MP09','KH03','2022-01-22','15:0:00','18:00:00',150000,NULL)
insert into DAT_PHONG values('MDP134','MP08','KH05','2022-01-23','14:0:00','18:00:00',200000,NULL)
insert into DAT_PHONG values('MDP135','MP07','KH06','2022-01-25','12:0:00','18:00:00',200000,NULL)
insert into DAT_PHONG values('MDP136','MP06','KH07','2022-01-24','15:0:00','18:00:00',200000,NULL)
insert into DAT_PHONG values('MDP137','MP05','KH11','2022-01-26','15:0:00','18:00:00',100000,NULL)
insert into DAT_PHONG values('MDP138','MP04','KH01','2022-01-26','14:0:00','19:00:00',50000,NULL)
insert into DAT_PHONG values('MDP139','MP03','KH14','2022-01-29','19:0:00','22:00:00',100000,NULL)
insert into DAT_PHONG values('MDP140','MP01','KH13','2022-01-29','17:0:00','20:00:00',50000,NULL)
insert into DAT_PHONG values('MDP141','MP09','KH01','2022-01-20','14:30:00','19:00:00',200000,NULL)
insert into DAT_PHONG values('MDP142','MP01','KH02','2022-01-31','12:0:00','17:00:00',150000,NULL)
insert into DAT_PHONG values('MDP143','MP02','KH03','2022-01-31','14:0:00','18:00:00',150000,NULL)
insert into DAT_PHONG values('MDP144','MP04','KH05','2022-02-01','14:0:00','18:00:00',200000,NULL)
insert into DAT_PHONG values('MDP145','MP05','KH06','2022-02-02','12:0:00','18:00:00',200000,NULL)
insert into DAT_PHONG values('MDP146','MP10','KH07','2022-02-01','15:0:00','19:00:00',200000,NULL)
insert into DAT_PHONG values('MDP147','MP02','KH11','2022-02-01','15:0:00','18:00:00',100000,NULL)
insert into DAT_PHONG values('MDP148','MP03','KH01','2022-02-02','15:0:00','18:00:00',50000,NULL)
insert into DAT_PHONG values('MDP149','MP05','KH14','2022-02-02','19:0:00','22:00:00',100000,NULL)
insert into DAT_PHONG values('MDP150','MP06','KH13','2022-02-02','17:0:00','20:00:00',50000,NULL)
insert into DAT_PHONG values('MDP151','MP04','KH15','2022-02-03','12:03:00','13:00:21',200000,NULL)
insert into DAT_PHONG values('MDP152','MP10','KH04','2022-02-03','14:0:00','19:00:00',150000,NULL)
insert into DAT_PHONG values('MDP153','MP09','KH03','2022-02-04','15:0:00','20:00:00',150000,NULL)
insert into DAT_PHONG values('MDP154','MP08','KH05','2022-02-04','14:0:00','19:00:00',200000,NULL)
insert into DAT_PHONG values('MDP155','MP07','KH06','2022-02-05','12:0:00','18:00:00',200000,NULL)
insert into DAT_PHONG values('MDP156','MP06','KH07','2022-02-05','15:30:00','20:00:00',200000,NULL)
insert into DAT_PHONG values('MDP157','MP05','KH11','2022-02-10','15:0:00','20:00:00',100000,NULL)
insert into DAT_PHONG values('MDP158','MP04','KH10','2022-02-10','15:0:00','18:00:00',50000,NULL)
insert into DAT_PHONG values('MDP159','MP03','KH14','2022-02-10','19:0:00','22:00:00',100000,NULL)
insert into DAT_PHONG values('MDP160','MP01','KH13','2022-02-10','17:0:00','20:00:00',50000,NULL)
insert into DAT_PHONG values('MDP161','MP01','KH05','2022-02-11','12:03:00','13:00:21',200000,NULL)
insert into DAT_PHONG values('MDP162','MP01','KH04','2022-02-11','15:0:00','18:00:00',150000,NULL)
insert into DAT_PHONG values('MDP163','MP02','KH02','2022-02-12','15:0:00','18:00:00',150000,NULL)
insert into DAT_PHONG values('MDP164','MP04','KH06','2022-02-12','14:0:00','18:00:00',200000,NULL)
insert into DAT_PHONG values('MDP165','MP04','KH04','2022-02-09','12:0:00','18:00:00',200000,NULL)
insert into DAT_PHONG values('MDP166','MP01','KH03','2022-02-14','15:0:00','18:00:00',200000,NULL)
insert into DAT_PHONG values('MDP167','MP02','KH15','2022-02-14','15:0:00','18:00:00',100000,NULL)
insert into DAT_PHONG values('MDP168','MP03','KH02','2022-02-14','15:0:00','18:00:00',50000,NULL)
insert into DAT_PHONG values('MDP169','MP05','KH10','2022-02-15','19:0:00','22:00:00',100000,NULL)
insert into DAT_PHONG values('MDP170','MP06','KH11','2022-02-16','17:0:00','20:00:00',50000,NULL)
insert into DAT_PHONG values('MDP171','MP01','KH13','2022-02-16','12:03:00','13:00:21',200000,NULL)
insert into DAT_PHONG values('MDP172','MP10','KH01','2022-02-16','15:0:00','18:00:00',150000,NULL)
insert into DAT_PHONG values('MDP173','MP09','KH02','2022-02-16','15:0:00','18:00:00',150000,NULL)
insert into DAT_PHONG values('MDP174','MP08','KH03','2022-02-16','14:0:00','18:00:00',200000,NULL)
insert into DAT_PHONG values('MDP175','MP07','KH09','2022-02-17','12:0:00','18:00:00',200000,NULL)
insert into DAT_PHONG values('MDP176','MP06','KH08','2022-02-17','15:0:00','18:00:00',200000,NULL)
insert into DAT_PHONG values('MDP177','MP05','KH10','2022-02-17','15:0:00','18:00:00',100000,NULL)
insert into DAT_PHONG values('MDP178','MP04','KH04','2022-02-17','15:0:00','18:00:00',50000,NULL)
insert into DAT_PHONG values('MDP179','MP03','KH15','2022-02-19','19:0:00','22:00:00',100000,NULL)
insert into DAT_PHONG values('MDP180','MP01','KH11','2022-02-19','17:0:00','20:00:00',50000,NULL)
insert into DAT_PHONG values('MDP181','MP09','KH05','2022-02-19','14:30:00','19:00:00',200000,NULL)
insert into DAT_PHONG values('MDP182','MP01','KH04','2022-02-19','15:0:00','16:30:00',150000,NULL)
insert into DAT_PHONG values('MDP183','MP02','KH03','2022-02-20','14:0:00','18:00:00',150000,NULL)
insert into DAT_PHONG values('MDP184','MP04','KH06','2022-02-20','14:0:00','18:00:00',200000,NULL)
insert into DAT_PHONG values('MDP185','MP05','KH07','2022-02-20','12:0:00','18:00:00',200000,NULL)
insert into DAT_PHONG values('MDP186','MP10','KH08','2022-05-20','15:0:00','19:00:00',200000,NULL)
insert into DAT_PHONG values('MDP187','MP09','KH11','2022-02-20','15:0:00','18:00:00',100000,NULL)
insert into DAT_PHONG values('MDP188','MP03','KH01','2022-02-21','15:0:00','18:00:00',50000,NULL)
insert into DAT_PHONG values('MDP189','MP05','KH12','2022-02-21','19:0:00','22:00:00',100000,NULL)
insert into DAT_PHONG values('MDP190','MP06','KH14','2022-02-21','17:0:00','20:00:00',50000,NULL)
insert into DAT_PHONG values('MDP191','MP04','KH11','2022-02-21','12:03:00','13:00:21',200000,NULL)
insert into DAT_PHONG values('MDP192','MP10','KH08','2022-02-21','14:0:00','19:00:00',150000,NULL)
insert into DAT_PHONG values('MDP193','MP09','KH07','2022-02-22','15:0:00','20:00:00',150000,NULL)
insert into DAT_PHONG values('MDP194','MP08','KH05','2022-02-22','14:0:00','19:00:00',200000,NULL)
insert into DAT_PHONG values('MDP195','MP07','KH17','2022-02-22','12:0:00','18:00:00',200000,NULL)
insert into DAT_PHONG values('MDP196','MP06','KH15','2022-02-22','15:30:00','20:00:00',200000,NULL)
insert into DAT_PHONG values('MDP197','MP05','KH12','2022-02-22','15:0:00','20:00:00',100000,NULL)
insert into DAT_PHONG values('MDP198','MP04','KH06','2022-02-23','15:0:00','18:00:00',50000,NULL)
insert into DAT_PHONG values('MDP199','MP03','KH04','2022-02-23','19:0:00','22:00:00',100000,NULL)
insert into DAT_PHONG values('MDP200','MP01','KH11','2022-02-23','17:0:00','20:00:00',50000,NULL)
insert into DAT_PHONG values('MDP201','MP01','KH05','2022-06-01','12:03:00','15:00:00',0,NULL)
insert into DAT_PHONG values('MDP202','MP05','KH04','2022-06-01','14:0:00','18:00:00',150000,NULL)
insert into DAT_PHONG values('MDP203','MP03','KH02','2022-06-03','18:0:00','22:00:00',0,NULL)
insert into DAT_PHONG values('MDP204','MP04','KH06','2022-06-03','14:0:00','18:00:00',200000,NULL)
insert into DAT_PHONG values('MDP205','MP04','KH04','2022-06-04','12:0:00','18:00:00',200000,NULL)
insert into DAT_PHONG values('MDP206','MP01','KH03','2022-06-11','15:0:00','18:00:00',200000,NULL)
insert into DAT_PHONG values('MDP207','MP02','KH15','2022-06-07','16:0:00','20:00:00',0,NULL)
insert into DAT_PHONG values('MDP208','MP03','KH02','2022-06-08','15:0:00','18:00:00',50000,NULL)
insert into DAT_PHONG values('MDP209','MP05','KH10','2022-06-09','19:0:00','22:00:00',100000,NULL)
insert into DAT_PHONG values('MDP210','MP06','KH11','2022-06-06','17:0:00','20:00:00',50000,NULL)
insert into DAT_PHONG values('MDP211','MP01','KH13','2022-06-07','12:03:00','13:00:21',200000,NULL)
insert into DAT_PHONG values('MDP212','MP10','KH01','2022-06-10','15:0:00','18:00:00',150000,NULL)
insert into DAT_PHONG values('MDP213','MP09','KH02','2022-06-20','15:0:00','18:00:00',150000,NULL)
insert into DAT_PHONG values('MDP214','MP08','KH03','2022-06-17','14:0:00','18:00:00',200000,NULL)
insert into DAT_PHONG values('MDP215','MP07','KH09','2022-06-15','12:0:00','18:00:00',200000,NULL)
insert into DAT_PHONG values('MDP216','MP06','KH08','2022-06-16','15:0:00','18:00:00',200000,NULL)
insert into DAT_PHONG values('MDP217','MP05','KH10','2022-06-19','15:0:00','18:00:00',100000,NULL)
insert into DAT_PHONG values('MDP218','MP04','KH04','2022-06-18','15:0:00','18:00:00',0,NULL)
insert into DAT_PHONG values('MDP219','MP03','KH15','2022-06-22','19:0:00','22:00:00',100000,NULL)
insert into DAT_PHONG values('MDP220','MP05','KH11','2022-06-23','17:0:00','20:00:00',0,NULL)
insert into DAT_PHONG values('MDP221','MP08','KH05','2022-06-23','14:30:00','19:00:00',200000,NULL)
insert into DAT_PHONG values('MDP222','MP04','KH04','2022-06-20','15:0:00','18:00:00',0,NULL)
insert into DAT_PHONG values('MDP223','MP02','KH03','2022-06-25','14:0:00','18:00:00',150000,NULL)
insert into DAT_PHONG values('MDP224','MP09','KH06','2022-06-22','14:0:00','18:00:00',200000,NULL)
insert into DAT_PHONG values('MDP225','MP06','KH07','2022-06-26','12:0:00','18:00:00',0,NULL)
insert into DAT_PHONG values('MDP226','MP03','KH08','2022-06-20','15:0:00','19:00:00',200000,NULL)
insert into DAT_PHONG values('MDP227','MP07','KH11','2022-06-30','15:0:00','18:00:00',100000,NULL)
insert into DAT_PHONG values('MDP228','MP02','KH01','2022-06-29','15:0:00','18:00:00',0,NULL)
insert into DAT_PHONG values('MDP229','MP08','KH12','2022-06-27','19:0:00','22:00:00',100000,NULL)
insert into DAT_PHONG values('MDP230','MP04','KH14','2022-06-27','17:0:00','21:00:00',0,NULL)
insert into DAT_PHONG values('MDP231','MP09','KH11','2022-06-30','12:30:00','16:00:00',200000,NULL)
insert into DAT_PHONG values('MDP232','MP10','KH08','2022-06-30','13:0:00','19:00:00',150000,NULL)
insert into DAT_PHONG values('MDP233','MP03','KH07','2022-06-30','15:0:00','20:00:00',150000,NULL)
insert into DAT_PHONG values('MDP234','MP02','KH05','2022-06-12','14:0:00','20:00:00',200000,NULL)
insert into DAT_PHONG values('MDP235','MP07','KH07','2022-06-11','12:0:00','18:00:00',200000,NULL)
insert into DAT_PHONG values('MDP236','MP10','KH15','2022-06-12','15:30:00','22:00:00',200000,NULL)
insert into DAT_PHONG values('MDP237','MP03','KH12','2022-06-10','15:0:00','22:00:00',100000,NULL)
insert into DAT_PHONG values('MDP238','MP05','KH06','2022-06-11','15:0:00','19:00:00',0,NULL)
insert into DAT_PHONG values('MDP239','MP01','KH04','2022-06-12','19:0:00','20:00:00',100000,NULL)
insert into DAT_PHONG values('MDP240','MP05','KH11','2022-06-20','17:0:00','22:00:00',0,NULL)
insert into DAT_PHONG values('MDP241','MP01','KH16','2022-04-24','12:03:00','13:00:21',200000,NULL)
insert into DAT_PHONG values('MDP242','MP09','KH15','2022-04-23','15:0:00','18:00:00',150000,NULL)
insert into DAT_PHONG values('MDP243','MP02','KH01','2022-04-30','15:0:00','18:00:00',150000,NULL)
insert into DAT_PHONG values('MDP244','MP09','KH06','2022-02-10','12:0:00','13:00:00',200000,NULL)
insert into DAT_PHONG values('MDP245','MP04','KH02','2022-02-12','12:0:00','18:00:00',200000,NULL)
insert into DAT_PHONG values('MDP246','MP01','KH20','2022-04-12','12:0:00','14:00:00',200000,NULL)
insert into DAT_PHONG values('MDP247','MP02','KH19','2022-03-12','19:0:00','20:00:00',100000,NULL)
insert into DAT_PHONG values('MDP248','MP03','KH18','2022-03-05','15:0:00','18:00:00',50000,NULL)
insert into DAT_PHONG values('MDP249','MP05','KH17','2022-03-12','19:0:00','22:00:00',100000,NULL)
insert into DAT_PHONG values('MDP250','MP06','KH13','2022-03-09','17:0:00','20:00:00',50000,NULL)
insert into DAT_PHONG values('MDP251','MP03','KH15','2022-04-30','12:03:00','13:00:21',200000,NULL)
insert into DAT_PHONG values('MDP252','MP01','KH20','2022-05-30','15:0:00','18:00:00',150000,NULL)
insert into DAT_PHONG values('MDP253','MP06','KH03','2022-05-30','15:0:00','18:00:00',150000,NULL)
insert into DAT_PHONG values('MDP254','MP06','KH05','2022-05-12','14:0:00','18:00:00',200000,NULL)
insert into DAT_PHONG values('MDP255','MP09','KH06','2022-06-12','12:0:00','18:00:00',200000,NULL)
insert into DAT_PHONG values('MDP256','MP09','KH07','2022-05-12','15:0:00','18:00:00',200000,NULL)
insert into DAT_PHONG values('MDP257','MP05','KH15','2022-05-12','15:0:00','18:00:00',100000,NULL)
insert into DAT_PHONG values('MDP258','MP02','KH01','2022-05-12','15:0:00','18:00:00',50000,NULL)
insert into DAT_PHONG values('MDP259','MP09','KH14','2022-05-12','19:0:00','22:00:00',100000,NULL)
insert into DAT_PHONG values('MDP260','MP08','KH13','2022-05-12','17:0:00','20:00:00',50000,NULL)
insert into DAT_PHONG values('MDP261','MP08','KH01','2022-04-20','14:30:00','19:00:00',200000,NULL)
insert into DAT_PHONG values('MDP262','MP10','KH08','2022-04-10','15:0:00','18:00:00',150000,NULL)
insert into DAT_PHONG values('MDP263','MP02','KH03','2022-11-15','14:0:00','18:00:00',150000,NULL)
insert into DAT_PHONG values('MDP264','MP04','KH05','2022-11-12','14:0:00','18:00:00',200000,NULL)
insert into DAT_PHONG values('MDP265','MP10','KH18','2022-03-09','12:0:00','18:00:00',200000,NULL)
insert into DAT_PHONG values('MDP266','MP10','KH11','2022-03-02','15:0:00','19:00:00',200000,NULL)
insert into DAT_PHONG values('MDP267','MP02','KH19','2022-03-10','15:0:00','18:00:00',100000,NULL)
insert into DAT_PHONG values('MDP268','MP03','KH20','2022-03-19','15:0:00','18:00:00',50000,NULL)
insert into DAT_PHONG values('MDP269','MP05','KH20','2022-03-12','12:0:00','14:00:00',100000,NULL)
insert into DAT_PHONG values('MDP270','MP09','KH16','2022-03-12','13:0:00','17:00:00',50000,NULL)
insert into DAT_PHONG values('MDP271','MP04','KH15','2022-04-08','12:03:00','13:00:21',200000,NULL)
insert into DAT_PHONG values('MDP272','MP10','KH04','2022-04-06','14:0:00','19:00:00',150000,NULL)
insert into DAT_PHONG values('MDP273','MP09','KH03','2022-04-01','15:0:00','20:00:00',150000,NULL)
insert into DAT_PHONG values('MDP274','MP08','KH18','2022-05-17','12:0:00','14:00:00',200000,NULL)
insert into DAT_PHONG values('MDP275','MP10','KH08','2022-05-11','12:0:00','18:00:00',200000,NULL)
insert into DAT_PHONG values('MDP276','MP04','KH20','2022-05-12','12:30:00','14:00:00',200000,NULL)
insert into DAT_PHONG values('MDP277','MP05','KH19','2022-05-10','12:0:00','14:00:00',100000,NULL)
insert into DAT_PHONG values('MDP278','MP04','KH18','2022-05-05','12:0:00','14:00:00',50000,NULL)
insert into DAT_PHONG values('MDP279','MP06','KH17','2022-05-12','13:0:00','15:00:00',100000,NULL)
insert into DAT_PHONG values('MDP280','MP05','KH14','2022-05-20','17:0:00','20:00:00',50000,NULL)
insert into DAT_PHONG values('MDP27','MP02','KH11','2022-03-06','15:0:00','18:00:00',50000,NULL)
insert into DAT_PHONG values('MDP281','MP01','KH05','2022-11-30','12:03:00','13:00:21',200000,NULL)
insert into DAT_PHONG values('MDP282','MP05','KH04','2022-11-30','15:0:00','18:00:00',150000,NULL)
insert into DAT_PHONG values('MDP283','MP02','KH02','2022-11-30','15:0:00','18:00:00',150000,NULL)
insert into DAT_PHONG values('MDP284','MP04','KH06','2022-11-12','14:0:00','18:00:00',200000,NULL)
insert into DAT_PHONG values('MDP285','MP04','KH04','2022-11-14','12:0:00','18:00:00',200000,NULL)
insert into DAT_PHONG values('MDP286','MP01','KH03','2022-11-11','15:0:00','18:00:00',200000,NULL)
insert into DAT_PHONG values('MDP287','MP02','KH15','2022-11-01','15:0:00','18:00:00',100000,NULL)
insert into DAT_PHONG values('MDP288','MP03','KH02','2022-11-02','15:0:00','18:00:00',50000,NULL)
insert into DAT_PHONG values('MDP289','MP05','KH10','2022-11-03','19:0:00','22:00:00',100000,NULL)
insert into DAT_PHONG values('MDP290','MP06','KH11','2022-11-06','17:0:00','20:00:00',50000,NULL)
insert into DAT_PHONG values('MDP291','MP01','KH13','2022-11-07','12:03:00','13:00:21',200000,NULL)
insert into DAT_PHONG values('MDP292','MP10','KH01','2022-11-10','15:0:00','18:00:00',150000,NULL)
insert into DAT_PHONG values('MDP293','MP09','KH02','2022-11-20','15:0:00','18:00:00',150000,NULL)
insert into DAT_PHONG values('MDP294','MP08','KH03','2022-11-17','14:0:00','18:00:00',200000,NULL)
insert into DAT_PHONG values('MDP295','MP07','KH09','2022-11-15','12:0:00','18:00:00',200000,NULL)
insert into DAT_PHONG values('MDP296','MP06','KH08','2022-11-16','15:0:00','18:00:00',200000,NULL)
insert into DAT_PHONG values('MDP297','MP05','KH10','2022-11-19','15:0:00','18:00:00',100000,NULL)
insert into DAT_PHONG values('MDP298','MP04','KH04','2022-11-18','15:0:00','18:00:00',50000,NULL)
insert into DAT_PHONG values('MDP299','MP03','KH15','2022-11-22','19:0:00','22:00:00',100000,NULL)
insert into DAT_PHONG values('MDP300','MP01','KH11','2022-11-23','17:0:00','20:00:00',50000,NULL)
insert into DAT_PHONG values('MDP301','MP09','KH05','2022-11-23','14:30:00','19:00:00',200000,NULL)
insert into DAT_PHONG values('MDP302','MP01','KH04','2022-11-20','15:0:00','18:00:00',150000,NULL)
insert into DAT_PHONG values('MDP303','MP02','KH03','2022-11-25','14:0:00','18:00:00',150000,NULL)
insert into DAT_PHONG values('MDP304','MP04','KH06','2022-11-22','14:0:00','18:00:00',200000,NULL)
insert into DAT_PHONG values('MDP305','MP05','KH07','2022-11-26','12:0:00','18:00:00',200000,NULL)
insert into DAT_PHONG values('MDP306','MP10','KH08','2022-11-20','15:0:00','19:00:00',200000,NULL)
insert into DAT_PHONG values('MDP307','MP05','KH11','2022-11-30','15:0:00','18:00:00',100000,NULL)
insert into DAT_PHONG values('MDP308','MP03','KH01','2022-11-28','15:0:00','18:00:00',50000,NULL)
insert into DAT_PHONG values('MDP309','MP05','KH12','2022-11-27','19:0:00','22:00:00',100000,NULL)
insert into DAT_PHONG values('MDP310','MP06','KH14','2022-11-27','17:0:00','20:00:00',50000,NULL)
insert into DAT_PHONG values('MDP311','MP04','KH11','2022-11-30','12:03:00','13:00:21',200000,NULL)
insert into DAT_PHONG values('MDP312','MP10','KH08','2022-11-30','14:0:00','19:00:00',150000,NULL)
insert into DAT_PHONG values('MDP313','MP09','KH07','2022-11-30','15:0:00','20:00:00',150000,NULL)
insert into DAT_PHONG values('MDP314','MP08','KH05','2022-11-12','14:0:00','19:00:00',200000,NULL)
insert into DAT_PHONG values('MDP315','MP07','KH07','2022-11-11','12:0:00','18:00:00',200000,NULL)
insert into DAT_PHONG values('MDP316','MP06','KH15','2022-11-12','15:30:00','20:00:00',200000,NULL)
insert into DAT_PHONG values('MDP317','MP05','KH12','2022-11-10','15:0:00','20:00:00',100000,NULL)
insert into DAT_PHONG values('MDP318','MP04','KH06','2022-11-11','15:0:00','18:00:00',50000,NULL)
insert into DAT_PHONG values('MDP319','MP03','KH04','2022-11-12','19:0:00','22:00:00',100000,NULL)
insert into DAT_PHONG values('MDP320','MP06','KH11','2022-11-20','17:0:00','20:00:00',50000,NULL)
insert into DAT_PHONG values('MDP321','MP01','KH05','2022-11-01','12:03:00','15:00:00',0,NULL)
insert into DAT_PHONG values('MDP322','MP05','KH04','2022-11-01','14:0:00','18:00:00',150000,NULL)
insert into DAT_PHONG values('MDP323','MP02','KH02','2022-11-03','18:0:00','22:00:00',0,NULL)
insert into DAT_PHONG values('MDP324','MP04','KH06','2022-10-03','14:0:00','18:00:00',200000,NULL)
insert into DAT_PHONG values('MDP325','MP04','KH04','2022-10-04','12:0:00','18:00:00',200000,NULL)
insert into DAT_PHONG values('MDP326','MP01','KH03','2022-10-11','15:0:00','18:00:00',200000,NULL)
insert into DAT_PHONG values('MDP327','MP02','KH15','2022-10-07','16:0:00','20:00:00',0,NULL)
insert into DAT_PHONG values('MDP328','MP03','KH02','2022-10-08','15:0:00','18:00:00',50000,NULL)
insert into DAT_PHONG values('MDP329','MP05','KH10','2022-10-09','19:0:00','22:00:00',100000,NULL)
insert into DAT_PHONG values('MDP340','MP06','KH11','2022-10-06','17:0:00','20:00:00',50000,NULL)
insert into DAT_PHONG values('MDP331','MP01','KH05','2021-12-01','12:03:00','15:00:00',0,NULL)
insert into DAT_PHONG values('MDP332','MP05','KH04','2021-12-01','14:0:00','18:00:00',150000,NULL)
insert into DAT_PHONG values('MDP333','MP02','KH02','2021-12-03','18:0:00','22:00:00',0,NULL)
insert into DAT_PHONG values('MDP334','MP04','KH06','2021-12-03','14:0:00','18:00:00',200000,NULL)
insert into DAT_PHONG values('MDP335','MP04','KH04','2021-12-04','12:0:00','18:00:00',200000,NULL)
insert into DAT_PHONG values('MDP336','MP01','KH03','2021-12-11','15:0:00','18:00:00',200000,NULL)
insert into DAT_PHONG values('MDP337','MP02','KH15','2021-12-07','16:0:00','20:00:00',0,NULL)
insert into DAT_PHONG values('MDP338','MP03','KH02','2021-12-08','15:0:00','18:00:00',50000,NULL)
insert into DAT_PHONG values('MDP339','MP05','KH10','2021-12-09','19:0:00','22:00:00',100000,NULL)
insert into DAT_PHONG values('MDP341','MP01','KH13','2022-10-07','12:03:00','13:00:21',200000,NULL)
insert into DAT_PHONG values('MDP342','MP10','KH01','2022-10-10','15:0:00','18:00:00',150000,NULL)
insert into DAT_PHONG values('MDP343','MP09','KH02','2022-10-20','15:0:00','18:00:00',150000,NULL)
insert into DAT_PHONG values('MDP344','MP08','KH03','2022-10-17','14:0:00','18:00:00',200000,NULL)
insert into DAT_PHONG values('MDP345','MP07','KH09','2022-10-15','12:0:00','18:00:00',200000,NULL)
insert into DAT_PHONG values('MDP346','MP06','KH08','2022-10-16','15:0:00','18:00:00',200000,NULL)
insert into DAT_PHONG values('MDP347','MP05','KH10','2022-10-19','15:0:00','18:00:00',100000,NULL)
insert into DAT_PHONG values('MDP348','MP04','KH04','2022-10-18','15:0:00','18:00:00',0,NULL)
insert into DAT_PHONG values('MDP349','MP03','KH15','2022-10-22','19:0:00','22:00:00',100000,NULL)
insert into DAT_PHONG values('MDP350','MP01','KH11','2022-10-23','17:0:00','20:00:00',0,NULL)
insert into DAT_PHONG values('MDP351','MP09','KH05','2022-10-23','14:30:00','19:00:00',200000,NULL)
insert into DAT_PHONG values('MDP352','MP01','KH04','2022-10-20','15:0:00','18:00:00',0,NULL)
insert into DAT_PHONG values('MDP353','MP02','KH03','2022-10-25','14:0:00','18:00:00',150000,NULL)
insert into DAT_PHONG values('MDP354','MP04','KH06','2022-10-22','14:0:00','18:00:00',200000,NULL)
insert into DAT_PHONG values('MDP355','MP05','KH07','2022-10-26','12:0:00','18:00:00',0,NULL)
insert into DAT_PHONG values('MDP356','MP10','KH08','2022-10-20','15:0:00','19:00:00',200000,NULL)
insert into DAT_PHONG values('MDP357','MP02','KH11','2022-10-30','15:0:00','18:00:00',100000,NULL)
insert into DAT_PHONG values('MDP358','MP03','KH01','2022-10-29','15:0:00','18:00:00',0,NULL)
insert into DAT_PHONG values('MDP359','MP05','KH12','2022-10-27','19:0:00','22:00:00',100000,NULL)
insert into DAT_PHONG values('MDP360','MP06','KH14','2022-10-27','17:0:00','21:00:00',0,NULL)
insert into DAT_PHONG values('MDP361','MP04','KH11','2022-10-30','12:30:00','16:00:00',200000,NULL)
insert into DAT_PHONG values('MDP362','MP10','KH08','2022-10-30','13:0:00','19:00:00',150000,NULL)
insert into DAT_PHONG values('MDP363','MP09','KH07','2022-10-30','15:0:00','20:00:00',150000,NULL)
insert into DAT_PHONG values('MDP364','MP08','KH05','2022-10-12','14:0:00','20:00:00',200000,NULL)
insert into DAT_PHONG values('MDP365','MP07','KH07','2022-10-11','12:0:00','18:00:00',200000,NULL)
insert into DAT_PHONG values('MDP366','MP06','KH15','2022-10-12','15:30:00','22:00:00',200000,NULL)
insert into DAT_PHONG values('MDP367','MP05','KH12','2022-10-10','15:0:00','22:00:00',100000,NULL)
insert into DAT_PHONG values('MDP368','MP04','KH06','2022-10-11','15:0:00','19:00:00',0,NULL)
insert into DAT_PHONG values('MDP369','MP03','KH04','2022-10-12','19:0:00','20:00:00',100000,NULL)
insert into DAT_PHONG values('MDP370','MP01','KH11','2022-09-20','17:0:00','22:00:00',0,NULL)
insert into DAT_PHONG values('MDP371','MP01','KH01','2022-09-01','12:03:00','13:00:21',200000,NULL)
insert into DAT_PHONG values('MDP372','MP09','KH02','2022-09-01','15:0:00','18:00:00',150000,NULL)
insert into DAT_PHONG values('MDP373','MP02','KH03','2022-09-01','15:0:00','20:00:00',150000,NULL)
insert into DAT_PHONG values('MDP374','MP05','KH07','2022-09-12','14:0:00','18:00:00',200000,NULL)
insert into DAT_PHONG values('MDP375','MP03','KH08','2022-09-12','12:0:00','18:00:00',200000,NULL)
insert into DAT_PHONG values('MDP376','MP01','KH07','2022-09-12','15:0:00','18:00:00',200000,NULL)
insert into DAT_PHONG values('MDP377','MP02','KH11','2022-09-12','15:0:00','18:00:00',100000,NULL)
insert into DAT_PHONG values('MDP378','MP03','KH01','2022-09-12','15:0:00','18:00:00',50000,NULL)
insert into DAT_PHONG values('MDP379','MP09','KH14','2022-09-12','19:0:00','22:00:00',100000,NULL)
insert into DAT_PHONG values('MDP380','MP06','KH13','2022-09-12','17:0:00','20:00:00',50000,NULL)
insert into DAT_PHONG values('MDP381','MP01','KH15','2022-09-20','12:03:00','13:00:21',200000,NULL)
insert into DAT_PHONG values('MDP382','MP10','KH02','2022-09-21','15:0:00','18:00:00',150000,NULL)
insert into DAT_PHONG values('MDP383','MP09','KH03','2022-09-22','15:0:00','18:00:00',150000,NULL)
insert into DAT_PHONG values('MDP384','MP08','KH05','2022-09-23','14:0:00','18:00:00',200000,NULL)
insert into DAT_PHONG values('MDP385','MP07','KH06','2022-09-25','12:0:00','18:00:00',200000,NULL)
insert into DAT_PHONG values('MDP386','MP06','KH07','2022-09-24','15:0:00','18:00:00',200000,NULL)
insert into DAT_PHONG values('MDP387','MP05','KH11','2022-09-26','15:0:00','18:00:00',100000,NULL)
insert into DAT_PHONG values('MDP388','MP04','KH01','2022-09-26','14:0:00','19:00:00',50000,NULL)
insert into DAT_PHONG values('MDP389','MP03','KH14','2022-09-29','19:0:00','22:00:00',100000,NULL)
insert into DAT_PHONG values('MDP390','MP01','KH13','2022-09-29','17:0:00','20:00:00',50000,NULL)
insert into DAT_PHONG values('MDP391','MP09','KH01','2022-09-20','14:30:00','19:00:00',200000,NULL)
insert into DAT_PHONG values('MDP392','MP01','KH02','2022-09-30','12:0:00','17:00:00',150000,NULL)
insert into DAT_PHONG values('MDP393','MP02','KH03','2022-09-28','14:0:00','18:00:00',150000,NULL)
insert into DAT_PHONG values('MDP394','MP04','KH05','2022-09-01','14:0:00','18:00:00',200000,NULL)
insert into DAT_PHONG values('MDP395','MP05','KH06','2022-09-02','12:0:00','18:00:00',200000,NULL)
insert into DAT_PHONG values('MDP396','MP10','KH07','2022-08-01','15:0:00','19:00:00',200000,NULL)
insert into DAT_PHONG values('MDP397','MP02','KH11','2022-08-01','15:0:00','18:00:00',100000,NULL)
insert into DAT_PHONG values('MDP398','MP03','KH01','2022-08-02','15:0:00','18:00:00',50000,NULL)
insert into DAT_PHONG values('MDP399','MP05','KH14','2022-08-02','19:0:00','22:00:00',100000,NULL)
insert into DAT_PHONG values('MDP400','MP06','KH13','2022-08-02','17:0:00','20:00:00',50000,NULL)
insert into DAT_PHONG values('MDP401','MP04','KH15','2022-08-03','12:03:00','13:00:21',200000,NULL)
insert into DAT_PHONG values('MDP402','MP10','KH04','2022-08-03','14:0:00','19:00:00',150000,NULL)
insert into DAT_PHONG values('MDP403','MP09','KH03','2022-08-04','15:0:00','20:00:00',150000,NULL)
insert into DAT_PHONG values('MDP404','MP08','KH05','2022-08-04','14:0:00','19:00:00',200000,NULL)
insert into DAT_PHONG values('MDP405','MP07','KH06','2022-08-05','12:0:00','18:00:00',200000,NULL)
insert into DAT_PHONG values('MDP406','MP06','KH07','2022-08-05','15:30:00','20:00:00',200000,NULL)
insert into DAT_PHONG values('MDP407','MP05','KH11','2022-08-10','15:0:00','20:00:00',100000,NULL)
insert into DAT_PHONG values('MDP408','MP04','KH10','2022-08-10','15:0:00','18:00:00',50000,NULL)
insert into DAT_PHONG values('MDP409','MP03','KH14','2022-08-10','19:0:00','22:00:00',100000,NULL)
insert into DAT_PHONG values('MDP410','MP01','KH13','2022-08-10','17:0:00','20:00:00',50000,NULL)
insert into DAT_PHONG values('MDP411','MP01','KH05','2022-08-11','12:03:00','13:00:21',200000,NULL)
insert into DAT_PHONG values('MDP412','MP01','KH04','2022-08-11','15:0:00','18:00:00',150000,NULL)
insert into DAT_PHONG values('MDP413','MP02','KH02','2022-08-12','15:0:00','18:00:00',150000,NULL)
insert into DAT_PHONG values('MDP414','MP05','KH06','2022-08-12','14:0:00','18:00:00',200000,NULL)
insert into DAT_PHONG values('MDP415','MP04','KH04','2022-08-12','12:0:00','18:00:00',200000,NULL)
insert into DAT_PHONG values('MDP416','MP01','KH03','2022-08-14','15:0:00','18:00:00',200000,NULL)
insert into DAT_PHONG values('MDP417','MP02','KH15','2022-08-14','15:0:00','18:00:00',100000,NULL)
insert into DAT_PHONG values('MDP418','MP03','KH02','2022-08-14','15:0:00','18:00:00',50000,NULL)
insert into DAT_PHONG values('MDP419','MP05','KH10','2022-08-15','19:0:00','22:00:00',100000,NULL)
insert into DAT_PHONG values('MDP420','MP06','KH11','2022-08-16','17:0:00','20:00:00',50000,NULL)
insert into DAT_PHONG values('MDP991','MP01','KH13','2022-08-16','12:03:00','13:00:21',200000,NULL)
insert into DAT_PHONG values('MDP992','MP10','KH01','2022-08-16','15:0:00','18:00:00',150000,NULL)
insert into DAT_PHONG values('MDP993','MP09','KH02','2022-08-16','15:0:00','18:00:00',150000,NULL)
insert into DAT_PHONG values('MDP994','MP08','KH03','2022-08-16','14:0:00','18:00:00',200000,NULL)
insert into DAT_PHONG values('MDP995','MP07','KH09','2022-08-17','12:0:00','18:00:00',200000,NULL)
insert into DAT_PHONG values('MDP996','MP06','KH08','2022-08-17','15:0:00','18:00:00',200000,NULL)
insert into DAT_PHONG values('MDP997','MP05','KH10','2022-08-17','15:0:00','18:00:00',100000,NULL)
insert into DAT_PHONG values('MDP998','MP04','KH04','2022-08-17','15:0:00','18:00:00',50000,NULL)
insert into DAT_PHONG values('MDP999','MP03','KH15','2022-08-19','19:0:00','22:00:00',100000,NULL)
insert into DAT_PHONG values('MDP1000','MP01','KH11','2022-08-19','17:0:00','20:00:00',50000,NULL)
insert into DAT_PHONG values('MDP421','MP09','KH05','2022-08-19','14:30:00','19:00:00',200000,NULL)
insert into DAT_PHONG values('MDP422','MP01','KH04','2022-08-19','15:0:00','18:00:00',150000,NULL)
insert into DAT_PHONG values('MDP423','MP02','KH03','2022-08-20','14:0:00','18:00:00',150000,NULL)
insert into DAT_PHONG values('MDP424','MP04','KH06','2022-08-20','14:0:00','18:00:00',200000,NULL)
insert into DAT_PHONG values('MDP425','MP05','KH07','2022-08-20','12:0:00','18:00:00',200000,NULL)
insert into DAT_PHONG values('MDP426','MP10','KH08','2022-08-20','15:0:00','19:00:00',200000,NULL)
insert into DAT_PHONG values('MDP427','MP09','KH11','2022-08-20','15:0:00','18:00:00',100000,NULL)
insert into DAT_PHONG values('MDP428','MP03','KH01','2022-08-21','15:0:00','18:00:00',50000,NULL)
insert into DAT_PHONG values('MDP429','MP05','KH12','2022-08-21','19:0:00','22:00:00',100000,NULL)
insert into DAT_PHONG values('MDP430','MP01','KH11','2022-08-23','17:0:00','20:00:00',50000,NULL)
insert into DAT_PHONG values('MDP431','MP01','KH05','2022-07-01','12:03:00','15:00:00',0,NULL)
insert into DAT_PHONG values('MDP432','MP05','KH04','2022-07-01','14:0:00','18:00:00',150000,NULL)
insert into DAT_PHONG values('MDP433','MP02','KH02','2022-07-03','18:0:00','22:00:00',0,NULL)
insert into DAT_PHONG values('MDP434','MP04','KH06','2022-07-03','14:0:00','18:00:00',200000,NULL)
insert into DAT_PHONG values('MDP435','MP04','KH04','2022-07-04','12:0:00','18:00:00',200000,NULL)
insert into DAT_PHONG values('MDP436','MP01','KH03','2022-07-11','15:0:00','18:00:00',200000,NULL)
insert into DAT_PHONG values('MDP437','MP02','KH15','2022-07-07','16:0:00','20:00:00',0,NULL)
insert into DAT_PHONG values('MDP438','MP03','KH02','2022-07-08','15:0:00','18:00:00',50000,NULL)
insert into DAT_PHONG values('MDP439','MP05','KH10','2022-07-09','19:0:00','22:00:00',100000,NULL)
insert into DAT_PHONG values('MDP440','MP06','KH11','2022-07-06','17:0:00','20:00:00',50000,NULL)
insert into DAT_PHONG values('MDP441','MP01','KH13','2022-07-07','12:03:00','13:00:21',200000,NULL)
insert into DAT_PHONG values('MDP442','MP10','KH01','2022-07-10','15:0:00','18:00:00',150000,NULL)
insert into DAT_PHONG values('MDP443','MP09','KH02','2022-07-20','15:0:00','18:00:00',150000,NULL)
insert into DAT_PHONG values('MDP444','MP08','KH03','2022-07-17','14:0:00','18:00:00',200000,NULL)
insert into DAT_PHONG values('MDP445','MP07','KH09','2022-07-15','12:0:00','18:00:00',200000,NULL)
insert into DAT_PHONG values('MDP446','MP06','KH08','2022-07-16','15:0:00','18:00:00',200000,NULL)
insert into DAT_PHONG values('MDP447','MP05','KH10','2022-07-19','15:0:00','18:00:00',100000,NULL)
insert into DAT_PHONG values('MDP448','MP04','KH04','2022-07-18','15:0:00','18:00:00',0,NULL)
insert into DAT_PHONG values('MDP449','MP03','KH15','2022-07-22','19:0:00','22:00:00',100000,NULL)
insert into DAT_PHONG values('MDP450','MP01','KH11','2022-07-23','17:0:00','20:00:00',0,NULL)
insert into DAT_PHONG values('MDP451','MP09','KH05','2022-07-23','14:30:00','19:00:00',200000,NULL)
insert into DAT_PHONG values('MDP452','MP01','KH04','2022-07-20','15:0:00','18:00:00',0,NULL)
insert into DAT_PHONG values('MDP453','MP02','KH03','2022-07-25','14:0:00','18:00:00',150000,NULL)
insert into DAT_PHONG values('MDP454','MP04','KH06','2022-07-22','14:0:00','18:00:00',200000,NULL)
insert into DAT_PHONG values('MDP455','MP05','KH07','2022-07-26','12:0:00','18:00:00',0,NULL)
insert into DAT_PHONG values('MDP456','MP10','KH08','2022-07-20','15:0:00','19:00:00',200000,NULL)
insert into DAT_PHONG values('MDP457','MP02','KH11','2022-07-30','15:0:00','18:00:00',100000,NULL)
insert into DAT_PHONG values('MDP458','MP03','KH01','2022-07-29','15:0:00','18:00:00',0,NULL)
insert into DAT_PHONG values('MDP459','MP05','KH12','2022-07-27','19:0:00','22:00:00',100000,NULL)
insert into DAT_PHONG values('MDP460','MP06','KH14','2022-07-27','17:0:00','21:00:00',0,NULL)
insert into DAT_PHONG values('MDP461','MP04','KH11','2022-07-30','12:30:00','16:00:00',200000,NULL)
insert into DAT_PHONG values('MDP462','MP10','KH08','2022-07-30','13:0:00','19:00:00',150000,NULL)
insert into DAT_PHONG values('MDP463','MP09','KH07','2022-07-30','15:0:00','20:00:00',150000,NULL)
insert into DAT_PHONG values('MDP464','MP08','KH05','2022-07-12','14:0:00','20:00:00',200000,NULL)
insert into DAT_PHONG values('MDP465','MP07','KH07','2022-07-11','12:0:00','18:00:00',200000,NULL)
insert into DAT_PHONG values('MDP466','MP06','KH15','2022-07-12','15:30:00','22:00:00',200000,NULL)
insert into DAT_PHONG values('MDP467','MP05','KH12','2022-7-10','15:0:00','22:00:00',100000,NULL)
insert into DAT_PHONG values('MDP468','MP04','KH06','2022-07-11','15:0:00','19:00:00',0,NULL)
insert into DAT_PHONG values('MDP469','MP03','KH04','2022-07-12','19:0:00','20:00:00',100000,NULL)
insert into DAT_PHONG values('MDP470','MP06','KH11','2022-07-20','17:0:00','22:00:00',0,NULL)
insert into DAT_PHONG values('MDP620','MP06','KH14','2022-08-21','17:0:00','20:00:00',50000,NULL)
insert into DAT_PHONG values('MDP621','MP04','KH11','2022-08-21','12:03:00','13:00:21',200000,NULL)
insert into DAT_PHONG values('MDP622','MP10','KH08','2022-08-21','14:0:00','19:00:00',150000,NULL)
insert into DAT_PHONG values('MDP623','MP09','KH07','2022-08-22','15:0:00','20:00:00',150000,NULL)
insert into DAT_PHONG values('MDP624','MP08','KH05','2022-08-22','14:0:00','19:00:00',200000,NULL)
insert into DAT_PHONG values('MDP626','MP06','KH15','2022-08-22','15:30:00','20:00:00',200000,NULL)
insert into DAT_PHONG values('MDP627','MP05','KH12','2022-08-22','15:0:00','20:00:00',100000,NULL)
insert into DAT_PHONG values('MDP628','MP04','KH06','2022-08-23','15:0:00','18:00:00',50000,NULL)
insert into DAT_PHONG values('MDP629','MP03','KH04','2022-08-23','19:0:00','22:00:00',100000,NULL)
insert into DAT_PHONG values('MDP601','MP04','KH11','2022-12-04','12:03:00','13:00:21',200000,NULL)
insert into DAT_PHONG values('MDP602','MP10','KH08','2022-12-08','14:0:00','19:00:00',150000,NULL)
insert into DAT_PHONG values('MDP603','MP09','KH07','2022-12-10','15:0:00','20:00:00',150000,NULL)
insert into DAT_PHONG values('MDP604','MP08','KH05','2022-12-07','14:0:00','19:00:00',200000,NULL)
insert into DAT_PHONG values('MDP605','MP07','KH07','2022-12-09','12:0:00','18:00:00',200000,NULL)
insert into DAT_PHONG values('MDP606','MP06','KH15','2022-12-11','15:30:00','20:00:00',200000,NULL)
insert into DAT_PHONG values('MDP607','MP05','KH12','2022-12-11','15:0:00','20:00:00',100000,NULL)
insert into DAT_PHONG values('MDP608','MP04','KH06','2022-12-13','15:0:00','18:00:00',50000,NULL)
insert into DAT_PHONG values('MDP609','MP03','KH04','2022-12-10','19:0:00','22:00:00',100000,NULL)
insert into DAT_PHONG values('MDP610','MP06','KH14','2022-12-04','17:0:00','20:00:00',50000,NULL)
insert into DAT_PHONG values('MDP611','MP04','KH11','2022-12-14','12:03:00','13:00:21',200000,NULL)
insert into DAT_PHONG values('MDP612','MP10','KH08','2022-12-03','14:0:00','19:00:00',150000,NULL)
insert into DAT_PHONG values('MDP613','MP09','KH07','2022-12-02','15:0:00','20:00:00',150000,NULL)
insert into DAT_PHONG values('MDP614','MP08','KH05','2022-12-01','14:0:00','19:00:00',200000,NULL)
insert into DAT_PHONG values('MDP616','MP06','KH15','2022-12-13','15:30:00','20:00:00',200000,NULL)
insert into DAT_PHONG values('MDP617','MP05','KH12','2022-12-03','15:0:00','20:00:00',100000,NULL)
insert into DAT_PHONG values('MDP618','MP04','KH06','2022-12-01','15:0:00','18:00:00',50000,NULL)
insert into DAT_PHONG values('MDP619','MP03','KH04','2022-12-15','19:0:00','22:00:00',100000,NULL)
insert into DAT_PHONG values('MDP650','MP06','KH14','2022-12-14','17:0:00','20:00:00',50000,NULL)
insert into DAT_PHONG values('MDP651','MP04','KH11','2022-12-13','12:03:00','13:00:21',200000,NULL)
insert into DAT_PHONG values('MDP652','MP10','KH08','2022-12-14','14:0:00','19:00:00',150000,NULL)
insert into DAT_PHONG values('MDP653','MP09','KH07','2022-12-13','15:0:00','20:00:00',150000,NULL)
insert into DAT_PHONG values('MDP654','MP08','KH05','2022-12-14','14:0:00','19:00:00',200000,NULL)
insert into DAT_PHONG values('MDP656','MP06','KH15','2022-12-13','15:30:00','20:00:00',200000,NULL)
insert into DAT_PHONG values('MDP657','MP05','KH12','2022-12-14','15:0:00','20:00:00',100000,NULL)
insert into DAT_PHONG values('MDP658','MP04','KH06','2022-12-13','15:0:00','18:00:00',50000,NULL)
insert into DAT_PHONG values('MDP659','MP03','KH04','2022-12-14','19:0:00','22:00:00',100000,NULL)
insert into DAT_PHONG values('MDP660','MP01','KH01','2021-04-30','12:03:00','13:00:21',200000,NULL)
insert into DAT_PHONG values('MDP661','MP09','KH02','2021-04-30','15:0:00','18:00:00',150000,NULL)
insert into DAT_PHONG values('MDP662','MP06','KH03','2021-04-30','15:0:00','18:00:00',150000,NULL)
insert into DAT_PHONG values('MDP663','MP05','KH05','2021-02-12','14:0:00','18:00:00',200000,NULL)
insert into DAT_PHONG values('MDP664','MP08','KH06','2021-02-12','12:0:00','18:00:00',200000,NULL)
insert into DAT_PHONG values('MDP665','MP01','KH07','2021-04-12','15:0:00','18:00:00',200000,NULL)
insert into DAT_PHONG values('MDP667','MP05','KH11','2021-03-12','15:0:00','18:00:00',100000,NULL)
insert into DAT_PHONG values('MDP668','MP01','KH01','2021-03-12','15:0:00','18:00:00',50000,NULL)
insert into DAT_PHONG values('MDP669','MP08','KH14','2021-03-12','19:0:00','22:00:00',100000,NULL)
insert into DAT_PHONG values('MDP670','MP06','KH13','2021-03-12','17:0:00','20:00:00',50000,NULL)
insert into DAT_PHONG values('MDP671','MP07','KH15','2021-04-30','12:03:00','13:00:21',200000,NULL)
insert into DAT_PHONG values('MDP672','MP10','KH02','2021-05-30','15:0:00','18:00:00',150000,NULL)
insert into DAT_PHONG values('MDP673','MP09','KH03','2021-05-30','15:0:00','18:00:00',150000,NULL)
insert into DAT_PHONG values('MDP674','MP07','KH05','2021-05-12','14:0:00','18:00:00',200000,NULL)
insert into DAT_PHONG values('MDP675','MP07','KH06','2021-06-12','12:0:00','18:00:00',200000,NULL)
insert into DAT_PHONG values('MDP676','MP10','KH07','2021-05-12','15:0:00','18:00:00',200000,NULL)
insert into DAT_PHONG values('MDP677','MP05','KH11','2021-05-12','15:0:00','18:00:00',100000,NULL)
insert into DAT_PHONG values('MDP678','MP01','KH01','2021-05-12','15:0:00','18:00:00',50000,NULL)
insert into DAT_PHONG values('MDP679','MP03','KH14','2021-05-12','19:0:00','22:00:00',100000,NULL)
insert into DAT_PHONG values('MDP680','MP01','KH13','2021-05-12','17:0:00','20:00:00',50000,NULL)
insert into DAT_PHONG values('MDP681','MP09','KH01','2021-04-20','14:30:00','19:00:00',200000,NULL)
insert into DAT_PHONG values('MDP682','MP01','KH02','2021-04-10','15:0:00','18:00:00',150000,NULL)
insert into DAT_PHONG values('MDP683','MP02','KH03','2021-04-15','14:0:00','18:00:00',150000,NULL)
insert into DAT_PHONG values('MDP684','MP02','KH05','2021-03-12','14:0:00','18:00:00',200000,NULL)
insert into DAT_PHONG values('MDP685','MP04','KH06','2021-03-12','12:0:00','18:00:00',200000,NULL)
insert into DAT_PHONG values('MDP686','MP10','KH07','2021-03-20','15:0:00','19:00:00',200000,NULL)
insert into DAT_PHONG values('MDP688','MP03','KH01','2021-03-12','15:0:00','18:00:00',50000,NULL)
insert into DAT_PHONG values('MDP689','MP05','KH14','2021-03-08','19:0:00','22:00:00',100000,NULL)
insert into DAT_PHONG values('MDP690','MP07','KH13','2021-03-12','17:0:00','20:00:00',50000,NULL)
insert into DAT_PHONG values('MDP691','MP04','KH15','2021-04-22','12:03:00','13:00:21',200000,NULL)
insert into DAT_PHONG values('MDP692','MP10','KH04','2021-05-30','14:0:00','19:00:00',150000,NULL)
insert into DAT_PHONG values('MDP693','MP07','KH03','2021-05-30','15:0:00','20:00:00',150000,NULL)
insert into DAT_PHONG values('MDP694','MP05','KH05','2021-05-12','14:0:00','18:00:00',200000,NULL)
insert into DAT_PHONG values('MDP695','MP07','KH06','2021-05-11','12:0:00','18:00:00',200000,NULL)
insert into DAT_PHONG values('MDP696','MP06','KH07','2021-05-12','15:30:00','20:00:00',200000,NULL)
insert into DAT_PHONG values('MDP697','MP05','KH11','2021-05-10','15:0:00','20:00:00',100000,NULL)
insert into DAT_PHONG values('MDP698','MP04','KH10','2021-05-11','15:0:00','18:00:00',50000,NULL)
insert into DAT_PHONG values('MDP699','MP03','KH14','2021-05-12','19:0:00','22:00:00',100000,NULL)
insert into DAT_PHONG values('MDP700','MP01','KH13','2021-05-20','17:0:00','20:00:00',50000,NULL)
insert into DAT_PHONG values('MDP701','MP01','KH05','2021-03-30','12:03:00','13:00:21',200000,NULL)
insert into DAT_PHONG values('MDP702','MP01','KH04','2021-06-30','15:0:00','18:00:00',150000,NULL)
insert into DAT_PHONG values('MDP703','MP02','KH02','2021-05-30','15:0:00','18:00:00',150000,NULL)
insert into DAT_PHONG values('MDP704','MP08','KH06','2021-05-12','19:0:00','21:00:00',200000,NULL)
insert into DAT_PHONG values('MDP705','MP04','KH04','2021-05-14','12:0:00','18:00:00',200000,NULL)
insert into DAT_PHONG values('MDP706','MP01','KH03','2021-05-11','15:0:00','18:00:00',200000,NULL)
insert into DAT_PHONG values('MDP707','MP02','KH15','2021-05-01','15:0:00','18:00:00',100000,NULL)
insert into DAT_PHONG values('MDP708','MP03','KH02','2021-05-02','15:0:00','18:00:00',50000,NULL)
insert into DAT_PHONG values('MDP709','MP05','KH10','2021-05-03','19:0:00','22:00:00',100000,NULL)
insert into DAT_PHONG values('MDP710','MP06','KH11','2021-05-06','17:0:00','20:00:00',50000,NULL)
insert into DAT_PHONG values('MDP711','MP01','KH13','2021-05-07','12:03:00','13:00:21',200000,NULL)
insert into DAT_PHONG values('MDP712','MP10','KH01','2021-05-10','15:0:00','18:00:00',150000,NULL)
insert into DAT_PHONG values('MDP713','MP09','KH02','2021-05-20','15:0:00','18:00:00',150000,NULL)
insert into DAT_PHONG values('MDP714','MP08','KH03','2021-05-17','14:0:00','18:00:00',200000,NULL)
insert into DAT_PHONG values('MDP715','MP07','KH09','2021-05-15','12:0:00','18:00:00',200000,NULL)
insert into DAT_PHONG values('MDP716','MP06','KH08','2021-05-16','15:0:00','18:00:00',200000,NULL)
insert into DAT_PHONG values('MDP717','MP05','KH10','2021-05-19','15:0:00','18:00:00',100000,NULL)
insert into DAT_PHONG values('MDP718','MP04','KH04','2021-05-18','15:0:00','18:00:00',50000,NULL)
insert into DAT_PHONG values('MDP719','MP03','KH15','2021-05-22','19:0:00','22:00:00',100000,NULL)
insert into DAT_PHONG values('MDP720','MP01','KH11','2021-05-23','17:0:00','20:00:00',50000,NULL)
insert into DAT_PHONG values('MDP721','MP09','KH05','2021-05-23','14:30:00','19:00:00',200000,NULL)
insert into DAT_PHONG values('MDP722','MP01','KH04','2021-05-20','15:0:00','18:00:00',150000,NULL)
insert into DAT_PHONG values('MDP723','MP02','KH03','2021-05-25','14:0:00','18:00:00',150000,NULL)
insert into DAT_PHONG values('MDP724','MP04','KH06','2021-05-22','14:0:00','18:00:00',200000,NULL)
insert into DAT_PHONG values('MDP725','MP05','KH07','2021-05-26','12:0:00','18:00:00',200000,NULL)
insert into DAT_PHONG values('MDP726','MP10','KH08','2021-05-20','15:0:00','19:00:00',200000,NULL)
insert into DAT_PHONG values('MDP727','MP02','KH11','2021-05-30','15:0:00','18:00:00',100000,NULL)
insert into DAT_PHONG values('MDP728','MP03','KH01','2021-02-28','15:0:00','18:00:00',50000,NULL)
insert into DAT_PHONG values('MDP729','MP05','KH12','2021-05-27','19:0:00','22:00:00',100000,NULL)
insert into DAT_PHONG values('MDP730','MP06','KH14','2021-05-27','17:0:00','20:00:00',50000,NULL)
insert into DAT_PHONG values('MDP731','MP04','KH11','2021-05-30','12:03:00','13:00:21',200000,NULL)
insert into DAT_PHONG values('MDP732','MP10','KH08','2021-05-30','14:0:00','19:00:00',150000,NULL)
insert into DAT_PHONG values('MDP733','MP09','KH07','2021-05-30','12:0:00','15:00:00',150000,NULL)
insert into DAT_PHONG values('MDP734','MP04','KH05','2021-05-12','14:0:00','19:00:00',200000,NULL)
insert into DAT_PHONG values('MDP735','MP08','KH07','2021-05-11','12:0:00','18:00:00',200000,NULL)
insert into DAT_PHONG values('MDP736','MP06','KH15','2021-05-12','12:30:00','14:00:00',200000,NULL)
insert into DAT_PHONG values('MDP737','MP05','KH12','2021-05-09','15:0:00','20:00:00',100000,NULL)
insert into DAT_PHONG values('MDP738','MP04','KH06','2021-05-11','15:0:00','18:00:00',50000,NULL)
insert into DAT_PHONG values('MDP739','MP03','KH04','2021-05-12','19:0:00','22:00:00',100000,NULL)
insert into DAT_PHONG values('MDP740','MP03','KH11','2021-05-20','17:0:00','20:00:00',50000,NULL)
insert into DAT_PHONG values('MDP741','MP04','KH05','2021-06-01','12:03:00','15:00:00',0,NULL)
insert into DAT_PHONG values('MDP742','MP08','KH04','2021-06-01','14:0:00','18:00:00',150000,NULL)
insert into DAT_PHONG values('MDP743','MP02','KH02','2021-06-03','18:0:00','22:00:00',0,NULL)
insert into DAT_PHONG values('MDP744','MP09','KH06','2021-06-03','14:0:00','18:00:00',200000,NULL)
insert into DAT_PHONG values('MDP745','MP07','KH04','2021-06-04','12:0:00','18:00:00',200000,NULL)
insert into DAT_PHONG values('MDP746','MP06','KH03','2021-06-11','15:0:00','18:00:00',200000,NULL)
insert into DAT_PHONG values('MDP747','MP08','KH15','2021-06-07','16:0:00','20:00:00',0,NULL)
insert into DAT_PHONG values('MDP748','MP03','KH02','2021-06-08','15:0:00','18:00:00',50000,NULL)
insert into DAT_PHONG values('MDP749','MP08','KH10','2021-06-09','19:0:00','22:00:00',100000,NULL)
insert into DAT_PHONG values('MDP750','MP03','KH11','2021-06-06','17:0:00','20:00:00',50000,NULL)
insert into DAT_PHONG values('MDP751','MP05','KH13','2021-06-07','12:03:00','13:00:21',200000,NULL)
insert into DAT_PHONG values('MDP752','MP01','KH01','2021-06-10','15:0:00','18:00:00',150000,NULL)
insert into DAT_PHONG values('MDP753','MP07','KH02','2021-06-20','15:0:00','18:00:00',150000,NULL)
insert into DAT_PHONG values('MDP754','MP03','KH03','2021-06-17','14:0:00','18:00:00',200000,NULL)
insert into DAT_PHONG values('MDP755','MP03','KH09','2021-06-15','12:0:00','18:00:00',200000,NULL)
insert into DAT_PHONG values('MDP756','MP05','KH08','2021-06-16','15:0:00','18:00:00',200000,NULL)
insert into DAT_PHONG values('MDP757','MP04','KH10','2021-06-19','15:0:00','18:00:00',100000,NULL)
insert into DAT_PHONG values('MDP758','MP06','KH04','2021-06-18','15:0:00','18:00:00',0,NULL)
insert into DAT_PHONG values('MDP759','MP01','KH15','2021-06-22','19:0:00','22:00:00',100000,NULL)
insert into DAT_PHONG values('MDP760','MP01','KH11','2021-06-23','17:0:00','20:00:00',0,NULL)
insert into DAT_PHONG values('MDP761','MP09','KH05','2021-06-23','14:30:00','19:00:00',200000,NULL)
insert into DAT_PHONG values('MDP762','MP01','KH04','2021-06-20','15:0:00','18:00:00',0,NULL)
insert into DAT_PHONG values('MDP763','MP01','KH03','2021-06-25','14:0:00','18:00:00',150000,NULL)
insert into DAT_PHONG values('MDP764','MP04','KH06','2021-06-22','14:0:00','18:00:00',200000,NULL)
insert into DAT_PHONG values('MDP765','MP05','KH07','2021-06-26','12:0:00','18:00:00',0,NULL)
insert into DAT_PHONG values('MDP766','MP10','KH08','2021-06-20','15:0:00','19:00:00',200000,NULL)
insert into DAT_PHONG values('MDP767','MP06','KH11','2021-06-30','15:0:00','18:00:00',100000,NULL)
insert into DAT_PHONG values('MDP768','MP03','KH01','2021-06-29','15:0:00','18:00:00',0,NULL)
insert into DAT_PHONG values('MDP769','MP05','KH12','2021-06-27','19:0:00','22:00:00',100000,NULL)
insert into DAT_PHONG values('MDP770','MP06','KH14','2021-06-27','17:0:00','21:00:00',0,NULL)
insert into DAT_PHONG values('MDP771','MP08','KH11','2021-06-30','12:30:00','16:00:00',200000,NULL)
insert into DAT_PHONG values('MDP772','MP04','KH08','2021-06-30','13:0:00','19:00:00',150000,NULL)
insert into DAT_PHONG values('MDP773','MP02','KH07','2021-06-30','15:0:00','20:00:00',150000,NULL)
insert into DAT_PHONG values('MDP774','MP08','KH05','2021-06-12','14:0:00','20:00:00',200000,NULL)
insert into DAT_PHONG values('MDP775','MP02','KH07','2021-06-11','12:0:00','18:00:00',200000,NULL)
insert into DAT_PHONG values('MDP776','MP06','KH15','2021-06-12','15:30:00','22:00:00',200000,NULL)
insert into DAT_PHONG values('MDP777','MP05','KH12','2021-06-10','15:0:00','22:00:00',100000,NULL)
insert into DAT_PHONG values('MDP778','MP04','KH06','2021-06-11','15:0:00','19:00:00',0,NULL)
insert into DAT_PHONG values('MDP779','MP03','KH04','2021-06-12','19:0:00','20:00:00',100000,NULL)
insert into DAT_PHONG values('MDP780','MP01','KH11','2021-06-20','17:0:00','22:00:00',0,NULL)
insert into DAT_PHONG values('MDP781','MP01','KH01','2021-01-01','12:03:00','13:00:21',200000,NULL)
insert into DAT_PHONG values('MDP782','MP09','KH02','2021-01-01','15:0:00','18:00:00',150000,NULL)
insert into DAT_PHONG values('MDP783','MP02','KH03','2021-01-01','15:0:00','20:00:00',150000,NULL)
insert into DAT_PHONG values('MDP784','MP05','KH07','2021-01-12','14:0:00','18:00:00',200000,NULL)
insert into DAT_PHONG values('MDP785','MP03','KH08','2021-01-12','12:0:00','18:00:00',200000,NULL)
insert into DAT_PHONG values('MDP786','MP01','KH07','2021-01-12','15:0:00','18:00:00',200000,NULL)
insert into DAT_PHONG values('MDP787','MP02','KH11','2021-01-12','15:0:00','18:00:00',100000,NULL)
insert into DAT_PHONG values('MDP788','MP03','KH01','2021-01-12','15:0:00','18:00:00',50000,NULL)
insert into DAT_PHONG values('MDP789','MP05','KH14','2021-01-12','19:0:00','22:00:00',100000,NULL)
insert into DAT_PHONG values('MDP790','MP06','KH13','2021-02-12','17:0:00','20:00:00',50000,NULL)
insert into DAT_PHONG values('MDP791','MP01','KH15','2021-01-20','12:03:00','13:00:21',200000,NULL)
insert into DAT_PHONG values('MDP792','MP10','KH02','2021-01-21','15:0:00','18:00:00',150000,NULL)
insert into DAT_PHONG values('MDP793','MP09','KH03','2021-01-22','15:0:00','18:00:00',150000,NULL)
insert into DAT_PHONG values('MDP794','MP08','KH05','2021-01-23','14:0:00','18:00:00',200000,NULL)
insert into DAT_PHONG values('MDP795','MP07','KH06','2021-01-25','12:0:00','18:00:00',200000,NULL)
insert into DAT_PHONG values('MDP796','MP06','KH07','2021-01-24','15:0:00','18:00:00',200000,NULL)
insert into DAT_PHONG values('MDP797','MP05','KH11','2021-01-26','15:0:00','18:00:00',100000,NULL)
insert into DAT_PHONG values('MDP798','MP04','KH01','2021-01-26','14:0:00','19:00:00',50000,NULL)
insert into DAT_PHONG values('MDP799','MP03','KH14','2021-01-29','19:0:00','22:00:00',100000,NULL)
insert into DAT_PHONG values('MDP800','MP01','KH13','2021-01-29','17:0:00','20:00:00',50000,NULL)
insert into DAT_PHONG values('MDP801','MP09','KH01','2021-01-20','14:30:00','19:00:00',200000,NULL)
insert into DAT_PHONG values('MDP802','MP01','KH02','2021-01-31','12:0:00','17:00:00',150000,NULL)
insert into DAT_PHONG values('MDP803','MP02','KH03','2021-01-31','14:0:00','18:00:00',150000,NULL)
insert into DAT_PHONG values('MDP804','MP04','KH05','2021-02-01','14:0:00','18:00:00',200000,NULL)
insert into DAT_PHONG values('MDP805','MP05','KH06','2021-02-02','12:0:00','18:00:00',200000,NULL)
insert into DAT_PHONG values('MDP806','MP10','KH07','2021-02-01','15:0:00','19:00:00',200000,NULL)
insert into DAT_PHONG values('MDP807','MP02','KH11','2021-02-01','15:0:00','18:00:00',100000,NULL)
insert into DAT_PHONG values('MDP808','MP03','KH01','2021-02-02','15:0:00','18:00:00',50000,NULL)
insert into DAT_PHONG values('MDP809','MP05','KH14','2021-02-02','19:0:00','22:00:00',100000,NULL)
insert into DAT_PHONG values('MDP810','MP06','KH13','2021-02-02','17:0:00','20:00:00',50000,NULL)
insert into DAT_PHONG values('MDP811','MP04','KH15','2021-02-03','12:03:00','13:00:21',200000,NULL)
insert into DAT_PHONG values('MDP812','MP10','KH04','2021-02-03','14:0:00','19:00:00',150000,NULL)
insert into DAT_PHONG values('MDP813','MP09','KH03','2021-02-04','15:0:00','20:00:00',150000,NULL)
insert into DAT_PHONG values('MDP814','MP08','KH05','2021-02-04','14:0:00','19:00:00',200000,NULL)
insert into DAT_PHONG values('MDP815','MP07','KH06','2021-02-05','12:0:00','18:00:00',200000,NULL)
insert into DAT_PHONG values('MDP816','MP06','KH07','2021-02-05','15:30:00','20:00:00',200000,NULL)
insert into DAT_PHONG values('MDP817','MP05','KH11','2021-02-10','15:0:00','20:00:00',100000,NULL)
insert into DAT_PHONG values('MDP818','MP04','KH10','2021-02-10','15:0:00','18:00:00',50000,NULL)
insert into DAT_PHONG values('MDP819','MP03','KH14','2021-02-10','19:0:00','22:00:00',100000,NULL)
insert into DAT_PHONG values('MDP820','MP01','KH13','2021-02-10','17:0:00','20:00:00',50000,NULL)
insert into DAT_PHONG values('MDP821','MP01','KH05','2021-02-11','12:03:00','13:00:21',200000,NULL)
insert into DAT_PHONG values('MDP822','MP01','KH04','2021-02-11','15:0:00','18:00:00',150000,NULL)
insert into DAT_PHONG values('MDP823','MP02','KH02','2021-02-12','15:0:00','18:00:00',150000,NULL)
insert into DAT_PHONG values('MDP824','MP04','KH06','2021-02-12','14:0:00','18:00:00',200000,NULL)
insert into DAT_PHONG values('MDP825','MP04','KH04','2021-02-09','12:0:00','18:00:00',200000,NULL)
insert into DAT_PHONG values('MDP826','MP01','KH03','2021-02-14','15:0:00','18:00:00',200000,NULL)
insert into DAT_PHONG values('MDP827','MP02','KH15','2021-02-14','15:0:00','18:00:00',100000,NULL)
insert into DAT_PHONG values('MDP828','MP03','KH02','2021-02-14','15:0:00','18:00:00',50000,NULL)
insert into DAT_PHONG values('MDP829','MP05','KH10','2021-02-15','19:0:00','22:00:00',100000,NULL)
insert into DAT_PHONG values('MDP830','MP06','KH11','2021-02-16','17:0:00','20:00:00',50000,NULL)
insert into DAT_PHONG values('MDP831','MP01','KH13','2021-02-16','12:03:00','13:00:21',200000,NULL)
insert into DAT_PHONG values('MDP832','MP10','KH01','2021-02-16','15:0:00','18:00:00',150000,NULL)
insert into DAT_PHONG values('MDP833','MP09','KH02','2021-02-16','15:0:00','18:00:00',150000,NULL)
insert into DAT_PHONG values('MDP834','MP08','KH03','2021-02-16','14:0:00','18:00:00',200000,NULL)
insert into DAT_PHONG values('MDP835','MP07','KH09','2021-02-17','12:0:00','18:00:00',200000,NULL)
insert into DAT_PHONG values('MDP836','MP06','KH08','2021-02-17','15:0:00','18:00:00',200000,NULL)
insert into DAT_PHONG values('MDP837','MP05','KH10','2021-02-17','15:0:00','18:00:00',100000,NULL)
insert into DAT_PHONG values('MDP838','MP04','KH04','2021-02-17','15:0:00','18:00:00',50000,NULL)
insert into DAT_PHONG values('MDP839','MP03','KH15','2021-02-19','19:0:00','22:00:00',100000,NULL)
insert into DAT_PHONG values('MDP840','MP01','KH11','2021-02-19','17:0:00','20:00:00',50000,NULL)
insert into DAT_PHONG values('MDP841','MP09','KH05','2021-02-19','14:30:00','19:00:00',200000,NULL)
insert into DAT_PHONG values('MDP842','MP01','KH04','2021-02-19','15:0:00','16:30:00',150000,NULL)
insert into DAT_PHONG values('MDP843','MP02','KH03','2021-02-20','14:0:00','18:00:00',150000,NULL)
insert into DAT_PHONG values('MDP844','MP04','KH06','2021-02-20','14:0:00','18:00:00',200000,NULL)
insert into DAT_PHONG values('MDP845','MP05','KH07','2021-02-20','12:0:00','18:00:00',200000,NULL)
insert into DAT_PHONG values('MDP846','MP10','KH08','2021-05-20','15:0:00','19:00:00',200000,NULL)
insert into DAT_PHONG values('MDP847','MP09','KH11','2021-02-20','15:0:00','18:00:00',100000,NULL)
insert into DAT_PHONG values('MDP848','MP03','KH01','2021-02-21','15:0:00','18:00:00',50000,NULL)
insert into DAT_PHONG values('MDP849','MP05','KH12','2021-02-21','19:0:00','22:00:00',100000,NULL)
insert into DAT_PHONG values('MDP850','MP06','KH14','2021-02-21','17:0:00','20:00:00',50000,NULL)
insert into DAT_PHONG values('MDP851','MP04','KH11','2021-02-21','12:03:00','13:00:21',200000,NULL)
insert into DAT_PHONG values('MDP852','MP10','KH08','2021-02-21','14:0:00','19:00:00',150000,NULL)
insert into DAT_PHONG values('MDP853','MP09','KH07','2021-02-22','15:0:00','20:00:00',150000,NULL)
insert into DAT_PHONG values('MDP854','MP08','KH05','2021-02-22','14:0:00','19:00:00',200000,NULL)
insert into DAT_PHONG values('MDP855','MP07','KH17','2021-02-22','12:0:00','18:00:00',200000,NULL)
insert into DAT_PHONG values('MDP856','MP06','KH15','2021-02-22','15:30:00','20:00:00',200000,NULL)
insert into DAT_PHONG values('MDP857','MP05','KH12','2021-02-22','15:0:00','20:00:00',100000,NULL)
insert into DAT_PHONG values('MDP858','MP04','KH06','2021-02-23','15:0:00','18:00:00',50000,NULL)
insert into DAT_PHONG values('MDP859','MP03','KH04','2021-02-23','19:0:00','22:00:00',100000,NULL)
insert into DAT_PHONG values('MDP860','MP01','KH11','2021-02-23','17:0:00','20:00:00',50000,NULL)
insert into DAT_PHONG values('MDP861','MP01','KH05','2021-06-01','12:03:00','15:00:00',0,NULL)
insert into DAT_PHONG values('MDP862','MP05','KH04','2021-06-01','14:0:00','18:00:00',150000,NULL)
insert into DAT_PHONG values('MDP863','MP03','KH02','2021-06-03','18:0:00','22:00:00',0,NULL)
insert into DAT_PHONG values('MDP864','MP04','KH06','2021-06-03','14:0:00','18:00:00',200000,NULL)
insert into DAT_PHONG values('MDP865','MP04','KH04','2021-06-04','12:0:00','18:00:00',200000,NULL)
insert into DAT_PHONG values('MDP866','MP01','KH03','2021-06-11','15:0:00','18:00:00',200000,NULL)
insert into DAT_PHONG values('MDP867','MP02','KH15','2021-06-07','16:0:00','20:00:00',0,NULL)
insert into DAT_PHONG values('MDP868','MP03','KH02','2021-06-08','15:0:00','18:00:00',50000,NULL)
insert into DAT_PHONG values('MDP869','MP05','KH10','2021-06-09','19:0:00','22:00:00',100000,NULL)
insert into DAT_PHONG values('MDP870','MP06','KH11','2021-06-06','17:0:00','20:00:00',50000,NULL)
insert into DAT_PHONG values('MDP871','MP01','KH13','2021-06-07','12:03:00','13:00:21',200000,NULL)
insert into DAT_PHONG values('MDP872','MP10','KH01','2021-06-10','15:0:00','18:00:00',150000,NULL)
insert into DAT_PHONG values('MDP873','MP09','KH02','2021-06-20','15:0:00','18:00:00',150000,NULL)
insert into DAT_PHONG values('MDP874','MP08','KH03','2021-06-17','14:0:00','18:00:00',200000,NULL)
insert into DAT_PHONG values('MDP875','MP07','KH09','2021-06-15','12:0:00','18:00:00',200000,NULL)
insert into DAT_PHONG values('MDP876','MP06','KH08','2021-06-16','15:0:00','18:00:00',200000,NULL)
insert into DAT_PHONG values('MDP877','MP05','KH10','2021-06-19','15:0:00','18:00:00',100000,NULL)
insert into DAT_PHONG values('MDP878','MP04','KH04','2021-06-18','15:0:00','18:00:00',0,NULL)
insert into DAT_PHONG values('MDP879','MP03','KH15','2021-06-22','19:0:00','22:00:00',100000,NULL)
insert into DAT_PHONG values('MDP880','MP05','KH11','2021-06-23','17:0:00','20:00:00',0,NULL)
insert into DAT_PHONG values('MDP881','MP08','KH05','2021-06-23','14:30:00','19:00:00',200000,NULL)
insert into DAT_PHONG values('MDP882','MP04','KH04','2021-06-20','15:0:00','18:00:00',0,NULL)
insert into DAT_PHONG values('MDP883','MP02','KH03','2021-06-25','14:0:00','18:00:00',150000,NULL)
insert into DAT_PHONG values('MDP884','MP09','KH06','2021-06-22','14:0:00','18:00:00',200000,NULL)
insert into DAT_PHONG values('MDP885','MP06','KH07','2021-06-26','12:0:00','18:00:00',0,NULL)
insert into DAT_PHONG values('MDP886','MP03','KH08','2021-06-20','15:0:00','19:00:00',200000,NULL)
insert into DAT_PHONG values('MDP887','MP07','KH11','2021-06-30','15:0:00','18:00:00',100000,NULL)
insert into DAT_PHONG values('MDP888','MP02','KH01','2021-06-29','15:0:00','18:00:00',0,NULL)
insert into DAT_PHONG values('MDP889','MP08','KH12','2021-06-27','19:0:00','22:00:00',100000,NULL)
insert into DAT_PHONG values('MDP890','MP04','KH14','2021-06-27','17:0:00','21:00:00',0,NULL)
insert into DAT_PHONG values('MDP891','MP09','KH11','2021-06-30','12:30:00','16:00:00',200000,NULL)
insert into DAT_PHONG values('MDP892','MP10','KH08','2021-06-30','13:0:00','19:00:00',150000,NULL)
insert into DAT_PHONG values('MDP893','MP03','KH07','2021-06-30','15:0:00','20:00:00',150000,NULL)
insert into DAT_PHONG values('MDP894','MP02','KH05','2021-06-12','14:0:00','20:00:00',200000,NULL)
insert into DAT_PHONG values('MDP895','MP07','KH07','2021-06-11','12:0:00','18:00:00',200000,NULL)
insert into DAT_PHONG values('MDP896','MP10','KH15','2021-06-12','15:30:00','22:00:00',200000,NULL)
insert into DAT_PHONG values('MDP897','MP03','KH12','2021-06-10','15:0:00','22:00:00',100000,NULL)
insert into DAT_PHONG values('MDP898','MP05','KH06','2021-06-11','15:0:00','19:00:00',0,NULL)
insert into DAT_PHONG values('MDP899','MP01','KH04','2021-06-12','19:0:00','20:00:00',100000,NULL)
insert into DAT_PHONG values('MDP900','MP05','KH11','2021-06-20','17:0:00','22:00:00',0,NULL)
insert into DAT_PHONG values('MDP901','MP01','KH16','2021-04-24','12:03:00','13:00:21',200000,NULL)
insert into DAT_PHONG values('MDP902','MP09','KH15','2021-04-23','15:0:00','18:00:00',150000,NULL)
insert into DAT_PHONG values('MDP903','MP02','KH01','2021-04-30','15:0:00','18:00:00',150000,NULL)
insert into DAT_PHONG values('MDP904','MP09','KH06','2021-02-10','12:0:00','13:00:00',200000,NULL)
insert into DAT_PHONG values('MDP905','MP04','KH02','2021-02-12','12:0:00','18:00:00',200000,NULL)
insert into DAT_PHONG values('MDP906','MP01','KH20','2021-04-12','12:0:00','14:00:00',200000,NULL)
insert into DAT_PHONG values('MDP907','MP02','KH19','2021-03-12','19:0:00','20:00:00',100000,NULL)
insert into DAT_PHONG values('MDP908','MP03','KH18','2021-03-05','15:0:00','18:00:00',50000,NULL)
insert into DAT_PHONG values('MDP909','MP05','KH17','2021-03-12','19:0:00','22:00:00',100000,NULL)
insert into DAT_PHONG values('MDP910','MP06','KH13','2021-03-09','17:0:00','20:00:00',50000,NULL)
insert into DAT_PHONG values('MDP911','MP03','KH15','2021-04-30','12:03:00','13:00:21',200000,NULL)
insert into DAT_PHONG values('MDP912','MP01','KH20','2021-05-30','15:0:00','18:00:00',150000,NULL)
insert into DAT_PHONG values('MDP913','MP06','KH03','2021-05-30','15:0:00','18:00:00',150000,NULL)
insert into DAT_PHONG values('MDP914','MP06','KH05','2021-05-12','14:0:00','18:00:00',200000,NULL)
insert into DAT_PHONG values('MDP915','MP09','KH06','2021-06-12','12:0:00','18:00:00',200000,NULL)
insert into DAT_PHONG values('MDP916','MP09','KH07','2021-05-12','15:0:00','18:00:00',200000,NULL)
insert into DAT_PHONG values('MDP917','MP05','KH15','2021-05-12','15:0:00','18:00:00',100000,NULL)
insert into DAT_PHONG values('MDP918','MP02','KH01','2021-05-12','15:0:00','18:00:00',50000,NULL)
insert into DAT_PHONG values('MDP919','MP09','KH14','2021-05-12','19:0:00','22:00:00',100000,NULL)
insert into DAT_PHONG values('MDP920','MP08','KH13','2021-05-12','17:0:00','20:00:00',50000,NULL)
insert into DAT_PHONG values('MDP921','MP08','KH01','2021-04-20','14:30:00','19:00:00',200000,NULL)
insert into DAT_PHONG values('MDP922','MP10','KH08','2021-04-10','15:0:00','18:00:00',150000,NULL)
insert into DAT_PHONG values('MDP923','MP02','KH03','2021-11-15','14:0:00','18:00:00',150000,NULL)
insert into DAT_PHONG values('MDP924','MP04','KH05','2021-11-12','14:0:00','18:00:00',200000,NULL)
insert into DAT_PHONG values('MDP925','MP10','KH18','2021-03-09','12:0:00','18:00:00',200000,NULL)
insert into DAT_PHONG values('MDP926','MP10','KH11','2021-03-02','15:0:00','19:00:00',200000,NULL)
insert into DAT_PHONG values('MDP927','MP02','KH19','2021-03-10','15:0:00','18:00:00',100000,NULL)
insert into DAT_PHONG values('MDP928','MP03','KH20','2021-03-19','15:0:00','18:00:00',50000,NULL)
insert into DAT_PHONG values('MDP929','MP05','KH20','2021-03-12','12:0:00','14:00:00',100000,NULL)
insert into DAT_PHONG values('MDP930','MP09','KH16','2021-03-12','13:0:00','17:00:00',50000,NULL)
insert into DAT_PHONG values('MDP931','MP04','KH15','2021-04-08','12:03:00','13:00:21',200000,NULL)
insert into DAT_PHONG values('MDP932','MP10','KH04','2021-04-06','14:0:00','19:00:00',150000,NULL)
insert into DAT_PHONG values('MDP933','MP09','KH03','2021-04-01','15:0:00','20:00:00',150000,NULL)
insert into DAT_PHONG values('MDP934','MP08','KH18','2021-05-17','12:0:00','14:00:00',200000,NULL)
insert into DAT_PHONG values('MDP935','MP10','KH08','2021-05-11','12:0:00','18:00:00',200000,NULL)
insert into DAT_PHONG values('MDP936','MP04','KH20','2021-05-12','12:30:00','14:00:00',200000,NULL)
insert into DAT_PHONG values('MDP937','MP05','KH19','2021-05-10','12:0:00','14:00:00',100000,NULL)
insert into DAT_PHONG values('MDP938','MP04','KH18','2021-05-05','12:0:00','14:00:00',50000,NULL)
insert into DAT_PHONG values('MDP939','MP06','KH17','2021-05-12','13:0:00','15:00:00',100000,NULL)
insert into DAT_PHONG values('MDP940','MP05','KH14','2021-05-20','17:0:00','20:00:00',50000,NULL)
insert into DAT_PHONG values('MDP941','MP01','KH05','2021-11-30','12:03:00','13:00:21',200000,NULL)
insert into DAT_PHONG values('MDP942','MP05','KH04','2021-11-30','15:0:00','18:00:00',150000,NULL)
insert into DAT_PHONG values('MDP943','MP02','KH02','2021-11-30','15:0:00','18:00:00',150000,NULL)
insert into DAT_PHONG values('MDP944','MP04','KH06','2021-11-12','14:0:00','18:00:00',200000,NULL)
insert into DAT_PHONG values('MDP945','MP04','KH04','2021-11-14','12:0:00','18:00:00',200000,NULL)
insert into DAT_PHONG values('MDP946','MP01','KH03','2021-11-11','15:0:00','18:00:00',200000,NULL)
insert into DAT_PHONG values('MDP947','MP02','KH15','2021-11-01','15:0:00','18:00:00',100000,NULL)
insert into DAT_PHONG values('MDP948','MP03','KH02','2021-11-02','15:0:00','18:00:00',50000,NULL)
insert into DAT_PHONG values('MDP949','MP05','KH10','2021-11-03','19:0:00','22:00:00',100000,NULL)
insert into DAT_PHONG values('MDP950','MP06','KH11','2021-11-06','17:0:00','20:00:00',50000,NULL)
insert into DAT_PHONG values('MDP951','MP01','KH13','2021-11-07','12:03:00','13:00:21',200000,NULL)
insert into DAT_PHONG values('MDP952','MP10','KH01','2021-11-10','15:0:00','18:00:00',150000,NULL)
insert into DAT_PHONG values('MDP953','MP09','KH02','2021-11-20','15:0:00','18:00:00',150000,NULL)
insert into DAT_PHONG values('MDP954','MP08','KH03','2021-11-17','14:0:00','18:00:00',200000,NULL)
insert into DAT_PHONG values('MDP955','MP07','KH09','2021-11-15','12:0:00','18:00:00',200000,NULL)
insert into DAT_PHONG values('MDP956','MP06','KH08','2021-11-16','15:0:00','18:00:00',200000,NULL)
insert into DAT_PHONG values('MDP957','MP05','KH10','2021-11-19','15:0:00','18:00:00',100000,NULL)
insert into DAT_PHONG values('MDP958','MP04','KH04','2021-11-18','15:0:00','18:00:00',50000,NULL)
insert into DAT_PHONG values('MDP959','MP03','KH15','2021-11-22','19:0:00','22:00:00',100000,NULL)
insert into DAT_PHONG values('MDP960','MP01','KH11','2021-11-23','17:0:00','20:00:00',50000,NULL)
insert into DAT_PHONG values('MDP961','MP09','KH05','2021-11-23','14:30:00','19:00:00',200000,NULL)
insert into DAT_PHONG values('MDP962','MP01','KH04','2021-11-20','15:0:00','18:00:00',150000,NULL)
insert into DAT_PHONG values('MDP963','MP02','KH03','2021-11-25','14:0:00','18:00:00',150000,NULL)
insert into DAT_PHONG values('MDP964','MP04','KH06','2021-11-22','14:0:00','18:00:00',200000,NULL)
insert into DAT_PHONG values('MDP965','MP05','KH07','2021-11-26','12:0:00','18:00:00',200000,NULL)
insert into DAT_PHONG values('MDP966','MP10','KH08','2021-11-20','15:0:00','19:00:00',200000,NULL)
insert into DAT_PHONG values('MDP967','MP05','KH11','2021-11-30','15:0:00','18:00:00',100000,NULL)
insert into DAT_PHONG values('MDP968','MP03','KH01','2021-11-28','15:0:00','18:00:00',50000,NULL)
insert into DAT_PHONG values('MDP969','MP05','KH12','2021-11-27','19:0:00','22:00:00',100000,NULL)
insert into DAT_PHONG values('MDP970','MP06','KH14','2021-11-27','17:0:00','20:00:00',50000,NULL)
insert into DAT_PHONG values('MDP971','MP04','KH11','2021-11-30','12:03:00','13:00:21',200000,NULL)
insert into DAT_PHONG values('MDP972','MP10','KH08','2021-11-30','14:0:00','19:00:00',150000,NULL)
insert into DAT_PHONG values('MDP973','MP09','KH07','2021-11-30','15:0:00','20:00:00',150000,NULL)
insert into DAT_PHONG values('MDP974','MP08','KH05','2021-11-12','14:0:00','19:00:00',200000,NULL)
insert into DAT_PHONG values('MDP975','MP07','KH07','2021-11-11','12:0:00','18:00:00',200000,NULL)
insert into DAT_PHONG values('MDP976','MP06','KH15','2021-11-12','15:30:00','20:00:00',200000,NULL)
insert into DAT_PHONG values('MDP977','MP05','KH12','2021-11-10','15:0:00','20:00:00',100000,NULL)
insert into DAT_PHONG values('MDP978','MP04','KH06','2021-11-11','15:0:00','18:00:00',50000,NULL)
insert into DAT_PHONG values('MDP979','MP03','KH04','2021-11-12','19:0:00','22:00:00',100000,NULL)
insert into DAT_PHONG values('MDP980','MP06','KH11','2021-11-20','17:0:00','20:00:00',50000,NULL)
insert into DAT_PHONG values('MDP981','MP01','KH05','2021-11-01','12:03:00','15:00:00',0,NULL)
insert into DAT_PHONG values('MDP982','MP05','KH04','2021-11-01','14:0:00','18:00:00',150000,NULL)
insert into DAT_PHONG values('MDP983','MP02','KH02','2021-11-03','18:0:00','22:00:00',0,NULL)
insert into DAT_PHONG values('MDP984','MP04','KH06','2021-10-03','14:0:00','18:00:00',200000,NULL)
insert into DAT_PHONG values('MDP985','MP04','KH04','2021-10-04','12:0:00','18:00:00',200000,NULL)
insert into DAT_PHONG values('MDP986','MP01','KH03','2021-10-11','15:0:00','18:00:00',200000,NULL)
insert into DAT_PHONG values('MDP987','MP02','KH15','2021-10-07','16:0:00','20:00:00',0,NULL)
insert into DAT_PHONG values('MDP988','MP03','KH02','2021-10-08','15:0:00','18:00:00',50000,NULL)
insert into DAT_PHONG values('MDP989','MP05','KH10','2021-10-09','19:0:00','22:00:00',100000,NULL)
insert into DAT_PHONG values('MDP990','MP06','KH11','2021-10-06','17:0:00','20:00:00',50000,NULL)
insert into DAT_PHONG values('MDP1001','MP09','KH05','2021-08-19','14:30:00','19:00:00',200000,NULL)
insert into DAT_PHONG values('MDP1002','MP01','KH04','2021-08-19','15:0:00','18:00:00',150000,NULL)
insert into DAT_PHONG values('MDP1003','MP02','KH03','2021-08-20','14:0:00','18:00:00',150000,NULL)
insert into DAT_PHONG values('MDP1004','MP04','KH06','2021-08-20','14:0:00','18:00:00',200000,NULL)
insert into DAT_PHONG values('MDP1005','MP05','KH07','2021-08-20','12:0:00','18:00:00',200000,NULL)
insert into DAT_PHONG values('MDP1006','MP10','KH08','2021-08-20','15:0:00','19:00:00',200000,NULL)
insert into DAT_PHONG values('MDP1007','MP09','KH11','2021-08-20','15:0:00','18:00:00',100000,NULL)
insert into DAT_PHONG values('MDP1008','MP03','KH01','2021-08-21','15:0:00','18:00:00',50000,NULL)
insert into DAT_PHONG values('MDP1009','MP05','KH12','2021-08-21','19:0:00','22:00:00',100000,NULL)
insert into DAT_PHONG values('MDP1010','MP01','KH11','2021-08-23','17:0:00','20:00:00',50000,NULL)
insert into DAT_PHONG values('MDP1011','MP01','KH05','2021-07-01','12:03:00','15:00:00',0,NULL)
insert into DAT_PHONG values('MDP1012','MP05','KH04','2021-07-01','14:0:00','18:00:00',150000,NULL)
insert into DAT_PHONG values('MDP1013','MP02','KH02','2021-07-03','18:0:00','22:00:00',0,NULL)
insert into DAT_PHONG values('MDP1014','MP04','KH06','2021-07-03','14:0:00','18:00:00',200000,NULL)
insert into DAT_PHONG values('MDP1015','MP04','KH04','2021-07-04','12:0:00','18:00:00',200000,NULL)
insert into DAT_PHONG values('MDP1016','MP01','KH03','2021-07-11','15:0:00','18:00:00',200000,NULL)
insert into DAT_PHONG values('MDP1017','MP02','KH15','2021-07-07','16:0:00','20:00:00',0,NULL)
insert into DAT_PHONG values('MDP1018','MP03','KH02','2021-07-08','15:0:00','18:00:00',50000,NULL)
insert into DAT_PHONG values('MDP1019','MP05','KH10','2021-07-09','19:0:00','22:00:00',100000,NULL)
insert into DAT_PHONG values('MDP1020','MP06','KH11','2021-07-06','17:0:00','20:00:00',50000,NULL)
insert into DAT_PHONG values('MDP1021','MP01','KH13','2021-07-07','12:03:00','13:00:21',200000,NULL)
insert into DAT_PHONG values('MDP1022','MP10','KH01','2021-07-10','15:0:00','18:00:00',150000,NULL)
insert into DAT_PHONG values('MDP1023','MP09','KH02','2021-07-20','15:0:00','18:00:00',150000,NULL)
insert into DAT_PHONG values('MDP1024','MP08','KH03','2021-07-17','14:0:00','18:00:00',200000,NULL)
insert into DAT_PHONG values('MDP1025','MP07','KH09','2021-07-15','12:0:00','18:00:00',200000,NULL)
insert into DAT_PHONG values('MDP1026','MP06','KH08','2021-07-16','15:0:00','18:00:00',200000,NULL)
insert into DAT_PHONG values('MDP1027','MP05','KH10','2021-07-19','15:0:00','18:00:00',100000,NULL)
insert into DAT_PHONG values('MDP1028','MP04','KH04','2021-07-18','15:0:00','18:00:00',0,NULL)
insert into DAT_PHONG values('MDP1029','MP03','KH15','2021-07-22','19:0:00','22:00:00',100000,NULL)
insert into DAT_PHONG values('MDP1030','MP01','KH11','2021-07-23','17:0:00','20:00:00',0,NULL)
insert into DAT_PHONG values('MDP1031','MP01','KH05','2021-12-01','12:03:00','15:00:00',0,NULL)
insert into DAT_PHONG values('MDP1032','MP05','KH04','2021-12-01','14:0:00','18:00:00',150000,NULL)
insert into DAT_PHONG values('MDP1033','MP02','KH02','2021-12-03','18:0:00','22:00:00',0,NULL)
insert into DAT_PHONG values('MDP1034','MP04','KH06','2021-12-03','14:0:00','18:00:00',200000,NULL)
insert into DAT_PHONG values('MDP1035','MP04','KH04','2021-12-04','12:0:00','18:00:00',200000,NULL)
insert into DAT_PHONG values('MDP1036','MP01','KH03','2021-12-11','15:0:00','18:00:00',200000,NULL)
insert into DAT_PHONG values('MDP1037','MP02','KH15','2021-12-07','16:0:00','20:00:00',0,NULL)
insert into DAT_PHONG values('MDP1038','MP03','KH02','2021-12-08','15:0:00','18:00:00',50000,NULL)
insert into DAT_PHONG values('MDP1039','MP05','KH10','2021-12-09','19:0:00','22:00:00',100000,NULL)
insert into DAT_PHONG values('MDP1040','MP01','KH11','2021-08-19','17:0:00','20:00:00',50000,NULL)
insert into DAT_PHONG values('MDP1041','MP01','KH13','2021-10-07','12:03:00','13:00:21',200000,NULL)
insert into DAT_PHONG values('MDP1042','MP10','KH01','2021-10-10','15:0:00','18:00:00',150000,NULL)
insert into DAT_PHONG values('MDP1043','MP09','KH02','2021-10-20','15:0:00','18:00:00',150000,NULL)
insert into DAT_PHONG values('MDP1044','MP08','KH03','2021-10-17','14:0:00','18:00:00',200000,NULL)
insert into DAT_PHONG values('MDP1045','MP07','KH09','2021-10-15','12:0:00','18:00:00',200000,NULL)
insert into DAT_PHONG values('MDP1046','MP06','KH08','2021-10-16','15:0:00','18:00:00',200000,NULL)
insert into DAT_PHONG values('MDP1047','MP05','KH10','2021-10-19','15:0:00','18:00:00',100000,NULL)
insert into DAT_PHONG values('MDP1048','MP04','KH04','2021-10-18','15:0:00','18:00:00',0,NULL)
insert into DAT_PHONG values('MDP1049','MP03','KH15','2021-10-22','19:0:00','22:00:00',100000,NULL)
insert into DAT_PHONG values('MDP1050','MP01','KH11','2021-10-23','17:0:00','20:00:00',0,NULL)
insert into DAT_PHONG values('MDP1051','MP09','KH05','2021-10-23','14:30:00','19:00:00',200000,NULL)
insert into DAT_PHONG values('MDP1052','MP01','KH04','2021-10-20','15:0:00','18:00:00',0,NULL)
insert into DAT_PHONG values('MDP1053','MP02','KH03','2021-10-25','14:0:00','18:00:00',150000,NULL)
insert into DAT_PHONG values('MDP1054','MP04','KH06','2021-10-22','14:0:00','18:00:00',200000,NULL)
insert into DAT_PHONG values('MDP1055','MP05','KH07','2021-10-26','12:0:00','18:00:00',0,NULL)
insert into DAT_PHONG values('MDP1056','MP10','KH08','2021-10-20','15:0:00','19:00:00',200000,NULL)
insert into DAT_PHONG values('MDP1057','MP02','KH11','2021-10-30','15:0:00','18:00:00',100000,NULL)
insert into DAT_PHONG values('MDP1058','MP03','KH01','2021-10-29','15:0:00','18:00:00',0,NULL)
insert into DAT_PHONG values('MDP1059','MP05','KH12','2021-10-27','19:0:00','22:00:00',100000,NULL)
insert into DAT_PHONG values('MDP1060','MP06','KH14','2021-10-27','17:0:00','21:00:00',0,NULL)
insert into DAT_PHONG values('MDP1061','MP04','KH11','2021-10-30','12:30:00','16:00:00',200000,NULL)
insert into DAT_PHONG values('MDP1062','MP10','KH08','2021-10-30','13:0:00','19:00:00',150000,NULL)
insert into DAT_PHONG values('MDP1063','MP09','KH07','2021-10-30','15:0:00','20:00:00',150000,NULL)
insert into DAT_PHONG values('MDP1064','MP08','KH05','2021-10-12','14:0:00','20:00:00',200000,NULL)
insert into DAT_PHONG values('MDP1065','MP07','KH07','2021-10-11','12:0:00','18:00:00',200000,NULL)
insert into DAT_PHONG values('MDP1066','MP06','KH15','2021-10-12','15:30:00','22:00:00',200000,NULL)
insert into DAT_PHONG values('MDP1067','MP05','KH12','2021-10-10','15:0:00','22:00:00',100000,NULL)
insert into DAT_PHONG values('MDP1068','MP04','KH06','2021-10-11','15:0:00','19:00:00',0,NULL)
insert into DAT_PHONG values('MDP1069','MP03','KH04','2021-10-12','19:0:00','20:00:00',100000,NULL)
insert into DAT_PHONG values('MDP1070','MP01','KH11','2021-09-20','17:0:00','22:00:00',0,NULL)
insert into DAT_PHONG values('MDP1071','MP01','KH01','2021-09-01','12:03:00','13:00:21',200000,NULL)
insert into DAT_PHONG values('MDP1072','MP09','KH02','2021-09-01','15:0:00','18:00:00',150000,NULL)
insert into DAT_PHONG values('MDP1073','MP02','KH03','2021-09-01','15:0:00','20:00:00',150000,NULL)
insert into DAT_PHONG values('MDP1074','MP05','KH07','2021-09-12','14:0:00','18:00:00',200000,NULL)
insert into DAT_PHONG values('MDP1075','MP03','KH08','2021-09-12','12:0:00','18:00:00',200000,NULL)
insert into DAT_PHONG values('MDP1076','MP01','KH07','2021-09-12','15:0:00','18:00:00',200000,NULL)
insert into DAT_PHONG values('MDP1077','MP02','KH11','2021-09-12','15:0:00','18:00:00',100000,NULL)
insert into DAT_PHONG values('MDP1078','MP03','KH01','2021-09-12','15:0:00','18:00:00',50000,NULL)
insert into DAT_PHONG values('MDP1079','MP09','KH14','2021-09-12','19:0:00','22:00:00',100000,NULL)
insert into DAT_PHONG values('MDP1080','MP06','KH13','2021-09-12','17:0:00','20:00:00',50000,NULL)
insert into DAT_PHONG values('MDP1081','MP01','KH15','2021-09-20','12:03:00','13:00:21',200000,NULL)
insert into DAT_PHONG values('MDP1082','MP10','KH02','2021-09-21','15:0:00','18:00:00',150000,NULL)
insert into DAT_PHONG values('MDP1083','MP09','KH03','2021-09-22','15:0:00','18:00:00',150000,NULL)
insert into DAT_PHONG values('MDP1084','MP08','KH05','2021-09-23','14:0:00','18:00:00',200000,NULL)
insert into DAT_PHONG values('MDP1085','MP07','KH06','2021-09-25','12:0:00','18:00:00',200000,NULL)
insert into DAT_PHONG values('MDP1086','MP06','KH07','2021-09-24','15:0:00','18:00:00',200000,NULL)
insert into DAT_PHONG values('MDP1087','MP05','KH11','2021-09-26','15:0:00','18:00:00',100000,NULL)
insert into DAT_PHONG values('MDP1088','MP04','KH01','2021-09-26','14:0:00','19:00:00',50000,NULL)
insert into DAT_PHONG values('MDP1089','MP03','KH14','2021-09-29','19:0:00','22:00:00',100000,NULL)
insert into DAT_PHONG values('MDP1090','MP01','KH13','2021-09-29','17:0:00','20:00:00',50000,NULL)
insert into DAT_PHONG values('MDP1091','MP09','KH01','2021-09-20','14:30:00','19:00:00',200000,NULL)
insert into DAT_PHONG values('MDP1092','MP01','KH02','2021-09-30','12:0:00','17:00:00',150000,NULL)
insert into DAT_PHONG values('MDP1093','MP02','KH03','2021-09-28','14:0:00','18:00:00',150000,NULL)
insert into DAT_PHONG values('MDP1094','MP04','KH05','2021-09-01','14:0:00','18:00:00',200000,NULL)
insert into DAT_PHONG values('MDP1095','MP05','KH06','2021-09-02','12:0:00','18:00:00',200000,NULL)
insert into DAT_PHONG values('MDP1096','MP10','KH07','2021-08-01','15:0:00','19:00:00',200000,NULL)
insert into DAT_PHONG values('MDP1097','MP02','KH11','2021-08-01','15:0:00','18:00:00',100000,NULL)
insert into DAT_PHONG values('MDP1098','MP03','KH01','2021-08-02','15:0:00','18:00:00',50000,NULL)
insert into DAT_PHONG values('MDP1099','MP05','KH14','2021-08-02','19:0:00','22:00:00',100000,NULL)
insert into DAT_PHONG values('MDP1100','MP06','KH13','2021-08-02','17:0:00','20:00:00',50000,NULL)
insert into DAT_PHONG values('MDP1101','MP04','KH15','2021-08-03','12:03:00','13:00:21',200000,NULL)
insert into DAT_PHONG values('MDP1102','MP10','KH04','2021-08-03','14:0:00','19:00:00',150000,NULL)
insert into DAT_PHONG values('MDP1103','MP09','KH03','2021-08-04','15:0:00','20:00:00',150000,NULL)
insert into DAT_PHONG values('MDP1104','MP08','KH05','2021-08-04','14:0:00','19:00:00',200000,NULL)
insert into DAT_PHONG values('MDP1105','MP07','KH06','2021-08-05','12:0:00','18:00:00',200000,NULL)
insert into DAT_PHONG values('MDP1106','MP06','KH07','2021-08-05','15:30:00','20:00:00',200000,NULL)
insert into DAT_PHONG values('MDP1107','MP05','KH11','2021-08-10','15:0:00','20:00:00',100000,NULL)
insert into DAT_PHONG values('MDP1108','MP04','KH10','2021-08-10','15:0:00','18:00:00',50000,NULL)
insert into DAT_PHONG values('MDP1109','MP03','KH14','2021-08-10','19:0:00','22:00:00',100000,NULL)
insert into DAT_PHONG values('MDP1110','MP01','KH13','2021-08-10','17:0:00','20:00:00',50000,NULL)
insert into DAT_PHONG values('MDP1111','MP01','KH05','2021-08-11','12:03:00','13:00:21',200000,NULL)
insert into DAT_PHONG values('MDP1112','MP01','KH04','2021-08-11','15:0:00','18:00:00',150000,NULL)
insert into DAT_PHONG values('MDP1113','MP02','KH02','2021-08-12','15:0:00','18:00:00',150000,NULL)
insert into DAT_PHONG values('MDP1114','MP05','KH06','2021-08-12','14:0:00','18:00:00',200000,NULL)
insert into DAT_PHONG values('MDP1115','MP04','KH04','2021-08-12','12:0:00','18:00:00',200000,NULL)
insert into DAT_PHONG values('MDP1116','MP01','KH03','2021-08-14','15:0:00','18:00:00',200000,NULL)
insert into DAT_PHONG values('MDP1117','MP02','KH15','2021-08-14','15:0:00','18:00:00',100000,NULL)
insert into DAT_PHONG values('MDP1118','MP03','KH02','2021-08-14','15:0:00','18:00:00',50000,NULL)
insert into DAT_PHONG values('MDP1119','MP05','KH10','2021-08-15','19:0:00','22:00:00',100000,NULL)
insert into DAT_PHONG values('MDP1120','MP06','KH11','2021-08-16','17:0:00','20:00:00',50000,NULL)
insert into DAT_PHONG values('MDP1121','MP01','KH13','2021-08-16','12:03:00','13:00:21',200000,NULL)
insert into DAT_PHONG values('MDP1122','MP10','KH01','2021-08-16','15:0:00','18:00:00',150000,NULL)
insert into DAT_PHONG values('MDP1123','MP09','KH02','2021-08-16','15:0:00','18:00:00',150000,NULL)
insert into DAT_PHONG values('MDP1124','MP08','KH03','2021-08-16','14:0:00','18:00:00',200000,NULL)
insert into DAT_PHONG values('MDP1125','MP07','KH09','2021-08-17','12:0:00','18:00:00',200000,NULL)
insert into DAT_PHONG values('MDP1126','MP06','KH08','2021-08-17','15:0:00','18:00:00',200000,NULL)
insert into DAT_PHONG values('MDP1127','MP05','KH10','2021-08-17','15:0:00','18:00:00',100000,NULL)
insert into DAT_PHONG values('MDP1128','MP04','KH04','2021-08-17','15:0:00','18:00:00',50000,NULL)
insert into DAT_PHONG values('MDP1129','MP03','KH15','2021-08-19','19:0:00','22:00:00',100000,NULL)
insert into DAT_PHONG values('MDP1131','MP09','KH05','2021-07-23','14:30:00','19:00:00',200000,NULL)
insert into DAT_PHONG values('MDP1132','MP01','KH04','2021-07-20','15:0:00','18:00:00',0,NULL)
insert into DAT_PHONG values('MDP1133','MP02','KH03','2021-07-25','14:0:00','18:00:00',150000,NULL)
insert into DAT_PHONG values('MDP1134','MP04','KH06','2021-07-22','14:0:00','18:00:00',200000,NULL)
insert into DAT_PHONG values('MDP1135','MP05','KH07','2021-07-26','12:0:00','18:00:00',0,NULL)
insert into DAT_PHONG values('MDP1136','MP10','KH08','2021-07-20','15:0:00','19:00:00',200000,NULL)
insert into DAT_PHONG values('MDP1137','MP02','KH11','2021-07-30','15:0:00','18:00:00',100000,NULL)
insert into DAT_PHONG values('MDP1138','MP03','KH01','2021-07-29','15:0:00','18:00:00',0,NULL)
insert into DAT_PHONG values('MDP1139','MP05','KH12','2021-07-27','19:0:00','22:00:00',100000,NULL)
insert into DAT_PHONG values('MDP1140','MP06','KH14','2021-07-27','17:0:00','21:00:00',0,NULL)
insert into DAT_PHONG values('MDP1141','MP04','KH11','2021-07-30','12:30:00','16:00:00',200000,NULL)
insert into DAT_PHONG values('MDP1142','MP10','KH08','2021-07-30','13:0:00','19:00:00',150000,NULL)
insert into DAT_PHONG values('MDP1143','MP09','KH07','2021-07-30','15:0:00','20:00:00',150000,NULL)
insert into DAT_PHONG values('MDP1144','MP08','KH05','2021-07-12','14:0:00','20:00:00',200000,NULL)
insert into DAT_PHONG values('MDP1145','MP07','KH07','2021-07-11','12:0:00','18:00:00',200000,NULL)
insert into DAT_PHONG values('MDP1146','MP06','KH15','2021-07-12','15:30:00','22:00:00',200000,NULL)
insert into DAT_PHONG values('MDP1147','MP05','KH12','2021-7-10','15:0:00','22:00:00',100000,NULL)
insert into DAT_PHONG values('MDP1148','MP04','KH06','2021-07-11','15:0:00','19:00:00',0,NULL)
insert into DAT_PHONG values('MDP1149','MP03','KH04','2021-07-12','19:0:00','20:00:00',100000,NULL)
insert into DAT_PHONG values('MDP1150','MP06','KH11','2021-07-20','17:0:00','22:00:00',0,NULL)
insert into DAT_PHONG values('MDP1151','MP06','KH14','2021-08-21','17:0:00','20:00:00',50000,NULL)
insert into DAT_PHONG values('MDP6211','MP04','KH11','2021-08-21','12:03:00','13:00:21',200000,NULL)
insert into DAT_PHONG values('MDP1152','MP10','KH08','2021-08-21','14:0:00','19:00:00',150000,NULL)
insert into DAT_PHONG values('MDP1153','MP09','KH07','2021-08-22','15:0:00','20:00:00',150000,NULL)
insert into DAT_PHONG values('MDP1154','MP08','KH05','2021-08-22','14:0:00','19:00:00',200000,NULL)
insert into DAT_PHONG values('MDP1156','MP06','KH15','2021-08-22','15:30:00','20:00:00',200000,NULL)
insert into DAT_PHONG values('MDP1157','MP05','KH12','2021-08-22','15:0:00','20:00:00',100000,NULL)
insert into DAT_PHONG values('MDP1158','MP04','KH06','2021-08-23','15:0:00','18:00:00',50000,NULL)
insert into DAT_PHONG values('MDP1159','MP03','KH04','2021-08-23','19:0:00','22:00:00',100000,NULL)
insert into DAT_PHONG values('MDP1161','MP04','KH11','2021-12-04','12:03:00','13:00:21',200000,NULL)
insert into DAT_PHONG values('MDP1162','MP10','KH08','2021-12-08','14:0:00','19:00:00',150000,NULL)
insert into DAT_PHONG values('MDP1163','MP09','KH07','2021-12-10','15:0:00','20:00:00',150000,NULL)
insert into DAT_PHONG values('MDP1164','MP08','KH05','2021-12-07','14:0:00','19:00:00',200000,NULL)
insert into DAT_PHONG values('MDP1165','MP07','KH07','2021-12-09','12:0:00','18:00:00',200000,NULL)
insert into DAT_PHONG values('MDP1166','MP06','KH15','2021-12-11','15:30:00','20:00:00',200000,NULL)
insert into DAT_PHONG values('MDP1167','MP05','KH12','2021-12-11','15:0:00','20:00:00',100000,NULL)
insert into DAT_PHONG values('MDP1168','MP04','KH06','2021-12-13','15:0:00','18:00:00',50000,NULL)
insert into DAT_PHONG values('MDP1169','MP03','KH04','2021-12-10','19:0:00','22:00:00',100000,NULL)
insert into DAT_PHONG values('MDP1170','MP06','KH14','2021-12-04','17:0:00','20:00:00',50000,NULL)
insert into DAT_PHONG values('MDP1171','MP04','KH11','2021-12-19','12:03:00','13:00:21',200000,NULL)
insert into DAT_PHONG values('MDP1172','MP10','KH08','2021-12-03','14:0:00','19:00:00',150000,NULL)
insert into DAT_PHONG values('MDP1173','MP09','KH07','2021-12-02','15:0:00','20:00:00',150000,NULL)
insert into DAT_PHONG values('MDP1174','MP08','KH05','2021-12-01','14:0:00','19:00:00',200000,NULL)
insert into DAT_PHONG values('MDP1176','MP06','KH15','2021-12-13','15:30:00','20:00:00',200000,NULL)
insert into DAT_PHONG values('MDP1177','MP05','KH12','2021-12-03','15:0:00','20:00:00',100000,NULL)
insert into DAT_PHONG values('MDP1178','MP04','KH06','2021-12-01','15:0:00','18:00:00',50000,NULL)
insert into DAT_PHONG values('MDP1179','MP03','KH04','2021-12-19','19:0:00','22:00:00',100000,NULL)
insert into DAT_PHONG values('MD1181','MP04','KH11','2021-12-19','12:03:00','13:00:21',200000,NULL)
insert into DAT_PHONG values('MDP1182','MP10','KH08','2021-12-20','14:0:00','19:00:00',150000,NULL)
insert into DAT_PHONG values('MDP1183','MP09','KH07','2021-12-20','15:0:00','20:00:00',150000,NULL)
insert into DAT_PHONG values('MDP1184','MP08','KH05','2021-12-20','14:0:00','19:00:00',200000,NULL)
insert into DAT_PHONG values('MDP1186','MP06','KH15','2021-12-20','15:30:00','20:00:00',200000,NULL)
insert into DAT_PHONG values('MDP1187','MP05','KH12','2021-12-20','15:0:00','20:00:00',100000,NULL)
insert into DAT_PHONG values('MDP1188','MP04','KH06','2021-12-20','15:0:00','18:00:00',50000,NULL)
insert into DAT_PHONG values('MDP1189','MP03','KH04','2021-12-19','19:0:00','22:00:00',100000,NULL)
insert into DAT_PHONG values('MDP1190','MP06','KH14','2021-12-18','17:0:00','20:00:00',50000,NULL)
insert into DAT_PHONG values('MDP1191','MP04','KH11','2021-12-17','12:03:00','13:00:21',200000,NULL)
insert into DAT_PHONG values('MDP1192','MP10','KH08','2021-12-18','14:0:00','19:00:00',150000,NULL)
insert into DAT_PHONG values('MDP1193','MP09','KH07','2021-12-17','15:0:00','20:00:00',150000,NULL)
insert into DAT_PHONG values('MDP1194','MP08','KH05','2021-12-18','14:0:00','19:00:00',200000,NULL)
insert into DAT_PHONG values('MDP1196','MP06','KH15','2021-12-18','15:30:00','20:00:00',200000,NULL)
insert into DAT_PHONG values('MDP1197','MP05','KH12','2021-12-27','15:0:00','20:00:00',100000,NULL)
insert into DAT_PHONG values('MDP1198','MP04','KH06','2021-12-17','15:0:00','18:00:00',50000,NULL)
insert into DAT_PHONG values('MDP1199','MP03','KH04','2021-12-18','19:0:00','22:00:00',100000,NULL)
insert into DAT_PHONG values('MDP1200','MP06','KH14','2021-12-16','17:0:00','20:00:00',50000,NULL)
insert into DAT_PHONG values('MDP1201','MP04','KH11','2021-12-15','12:03:00','13:00:21',200000,NULL)
insert into DAT_PHONG values('MDP1202','MP10','KH08','2021-12-16','14:0:00','19:00:00',150000,NULL)
insert into DAT_PHONG values('MDP1203','MP09','KH07','2021-12-15','15:0:00','20:00:00',150000,NULL)
insert into DAT_PHONG values('MDP1204','MP08','KH05','2021-12-16','14:0:00','19:00:00',200000,NULL)
insert into DAT_PHONG values('MDP1206','MP06','KH15','2021-12-16','15:30:00','20:00:00',200000,NULL)
insert into DAT_PHONG values('MDP1207','MP05','KH12','2021-12-15','15:0:00','20:00:00',100000,NULL)
insert into DAT_PHONG values('MDP1208','MP04','KH06','2021-12-16','15:0:00','18:00:00',50000,NULL)
insert into DAT_PHONG values('MDP1209','MP03','KH04','2021-12-15','19:0:00','22:00:00',100000,NULL)
insert into DAT_PHONG values('MDP1210','MP06','KH14','2021-12-14','17:0:00','20:00:00',50000,NULL)
insert into DAT_PHONG values('MDP1211','MP04','KH11','2021-12-13','12:03:00','13:00:21',200000,NULL)
insert into DAT_PHONG values('MDP1212','MP10','KH08','2021-12-14','14:0:00','19:00:00',150000,NULL)
insert into DAT_PHONG values('MDP1213','MP09','KH07','2021-12-13','15:0:00','20:00:00',150000,NULL)
insert into DAT_PHONG values('MDP1214','MP08','KH05','2021-12-14','14:0:00','19:00:00',200000,NULL)
insert into DAT_PHONG values('MDP1216','MP06','KH15','2021-12-13','15:30:00','20:00:00',200000,NULL)
insert into DAT_PHONG values('MDP1217','MP05','KH12','2021-12-14','15:0:00','20:00:00',100000,NULL)
insert into DAT_PHONG values('MDP1218','MP04','KH06','2021-12-13','15:0:00','18:00:00',50000,NULL)
insert into DAT_PHONG values('MDP1219','MP03','KH04','2021-12-14','19:0:00','22:00:00',100000,NULL)
insert into DAT_PHONG values('MDP1220','MP02','KH11','2021-03-06','15:0:00','18:00:00',50000,NULL)




insert into DICH_VU_DI_KEM values('MDV01',N'Bia',N'Lon',15000)
insert into DICH_VU_DI_KEM values('MDV02',N'Trái cây',N'Đĩa',50000)
select * from DAT_PHONG
insert into DICH_VU_DI_KEM values('MDV03',N'Khăn lạnh',N'Cái',5000)
insert into DICH_VU_DI_KEM values('MDV04',N'Bia',N'Chai',10000)
insert into DICH_VU_DI_KEM values('MDV05',N'Bò khô',N'Gói',40000)
insert into DICH_VU_DI_KEM values('MDV06',N'Mực khô',N'Gói',30000)

insert into CHI_TIET_SU_DUNG_DV values('MDP01','MDV01',10)
insert into CHI_TIET_SU_DUNG_DV values('MDP01','MDV02',3)
insert into CHI_TIET_SU_DUNG_DV values('MDP02','MDV01',6)
insert into CHI_TIET_SU_DUNG_DV values('MDP03','MDV01',6)
insert into CHI_TIET_SU_DUNG_DV values('MDP03','MDV02',6)
insert into CHI_TIET_SU_DUNG_DV values('MDP04','MDV01',2)
insert into CHI_TIET_SU_DUNG_DV values('MDP012','MDV01',10)
insert into CHI_TIET_SU_DUNG_DV values('MDP07','MDV02',3)
insert into CHI_TIET_SU_DUNG_DV values('MDP08','MDV01',6)
insert into CHI_TIET_SU_DUNG_DV values('MDP09','MDV01',6)
insert into CHI_TIET_SU_DUNG_DV values('MDP10','MDV02',6)
insert into CHI_TIET_SU_DUNG_DV values('MDP11','MDV01',2)

insert into CHI_TIET_SU_DUNG_DV values('MDP20','MDV01',10)
insert into CHI_TIET_SU_DUNG_DV values('MDP100','MDV02',3)
insert into CHI_TIET_SU_DUNG_DV values('MDP30','MDV01',6)
insert into CHI_TIET_SU_DUNG_DV values('MDP32','MDV01',6)
insert into CHI_TIET_SU_DUNG_DV values('MDP43','MDV02',6)
insert into CHI_TIET_SU_DUNG_DV values('MDP44','MDV01',2)
insert into CHI_TIET_SU_DUNG_DV values('MDP02','MDV01',40)
insert into CHI_TIET_SU_DUNG_DV values('MDP37','MDV02',2)
insert into CHI_TIET_SU_DUNG_DV values('MDP38','MDV01',20)
insert into CHI_TIET_SU_DUNG_DV values('MDP29','MDV01',45)
insert into CHI_TIET_SU_DUNG_DV values('MDP40','MDV02',6)
insert into CHI_TIET_SU_DUNG_DV values('MDP61','MDV01',50)


insert into CHI_TIET_SU_DUNG_DV values('MDP100','MDV01',10)
insert into CHI_TIET_SU_DUNG_DV values('MDP200','MDV02',4)
insert into CHI_TIET_SU_DUNG_DV values('MDP240','MDV01',6)
insert into CHI_TIET_SU_DUNG_DV values('MDP132','MDV01',30)
insert into CHI_TIET_SU_DUNG_DV values('MDP143','MDV02',6)
insert into CHI_TIET_SU_DUNG_DV values('MDP144','MDV01',40)
insert into CHI_TIET_SU_DUNG_DV values('MDP102','MDV01',40)
insert into CHI_TIET_SU_DUNG_DV values('MDP137','MDV02',2)
insert into CHI_TIET_SU_DUNG_DV values('MDP138','MDV01',20)
insert into CHI_TIET_SU_DUNG_DV values('MDP129','MDV01',45)
insert into CHI_TIET_SU_DUNG_DV values('MDP140','MDV02',6)
insert into CHI_TIET_SU_DUNG_DV values('MDP161','MDV01',50)

insert into CHI_TIET_SU_DUNG_DV values('MDP89','MDV01',10)
insert into CHI_TIET_SU_DUNG_DV values('MDP88','MDV02',4)
insert into CHI_TIET_SU_DUNG_DV values('MDP87','MDV01',6)
insert into CHI_TIET_SU_DUNG_DV values('MDP86','MDV01',30)
insert into CHI_TIET_SU_DUNG_DV values('MDP85','MDV02',6)
insert into CHI_TIET_SU_DUNG_DV values('MDP84','MDV01',40)
insert into CHI_TIET_SU_DUNG_DV values('MDP83','MDV01',40)
insert into CHI_TIET_SU_DUNG_DV values('MDP82','MDV02',2)
insert into CHI_TIET_SU_DUNG_DV values('MDP79','MDV01',20)
insert into CHI_TIET_SU_DUNG_DV values('MDP78','MDV01',45)
insert into CHI_TIET_SU_DUNG_DV values('MDP77','MDV02',6)
insert into CHI_TIET_SU_DUNG_DV values('MDP76','MDV01',50)
insert into CHI_TIET_SU_DUNG_DV values('MDP75','MDV01',10)
insert into CHI_TIET_SU_DUNG_DV values('MDP74','MDV02',4)
insert into CHI_TIET_SU_DUNG_DV values('MDP73','MDV01',6)
insert into CHI_TIET_SU_DUNG_DV values('MDP72','MDV01',30)
insert into CHI_TIET_SU_DUNG_DV values('MDP71','MDV02',6)
insert into CHI_TIET_SU_DUNG_DV values('MDP70','MDV01',40)
insert into CHI_TIET_SU_DUNG_DV values('MDP69','MDV01',40)
insert into CHI_TIET_SU_DUNG_DV values('MDP58','MDV02',2)
insert into CHI_TIET_SU_DUNG_DV values('MDP67','MDV01',20)
insert into CHI_TIET_SU_DUNG_DV values('MDP66','MDV01',45)
insert into CHI_TIET_SU_DUNG_DV values('MDP65','MDV02',6)
insert into CHI_TIET_SU_DUNG_DV values('MDP64','MDV01',50)
insert into CHI_TIET_SU_DUNG_DV values('MDP114','MDV01',10)
insert into CHI_TIET_SU_DUNG_DV values('MDP113','MDV02',4)
insert into CHI_TIET_SU_DUNG_DV values('MDP112','MDV01',6)
insert into CHI_TIET_SU_DUNG_DV values('MDP111','MDV01',30)
insert into CHI_TIET_SU_DUNG_DV values('MDP110','MDV02',6)
insert into CHI_TIET_SU_DUNG_DV values('MDP109','MDV01',40)
insert into CHI_TIET_SU_DUNG_DV values('MDP108','MDV01',40)
insert into CHI_TIET_SU_DUNG_DV values('MDP107','MDV02',2)
insert into CHI_TIET_SU_DUNG_DV values('MDP106','MDV01',20)
insert into CHI_TIET_SU_DUNG_DV values('MDP105','MDV01',45)
insert into CHI_TIET_SU_DUNG_DV values('MDP104','MDV02',6)
insert into CHI_TIET_SU_DUNG_DV values('MDP103','MDV01',50)
insert into CHI_TIET_SU_DUNG_DV values('MDP102','MDV01',10)
insert into CHI_TIET_SU_DUNG_DV values('MDP101','MDV02',4)
insert into CHI_TIET_SU_DUNG_DV values('MDP99','MDV01',6)
insert into CHI_TIET_SU_DUNG_DV values('MDP98','MDV01',30)
insert into CHI_TIET_SU_DUNG_DV values('MDP97','MDV02',6)
insert into CHI_TIET_SU_DUNG_DV values('MDP96','MDV01',40)
insert into CHI_TIET_SU_DUNG_DV values('MDP95','MDV01',40)
insert into CHI_TIET_SU_DUNG_DV values('MDP94','MDV02',2)
insert into CHI_TIET_SU_DUNG_DV values('MDP93','MDV01',20)
insert into CHI_TIET_SU_DUNG_DV values('MDP92','MDV01',45)
insert into CHI_TIET_SU_DUNG_DV values('MDP91','MDV02',6)
insert into CHI_TIET_SU_DUNG_DV values('MDP90','MDV01',50)

insert into CHI_TIET_SU_DUNG_DV values('MDP143','MDV01',10)
insert into CHI_TIET_SU_DUNG_DV values('MDP144','MDV02',4)
insert into CHI_TIET_SU_DUNG_DV values('MDP145','MDV01',6)
insert into CHI_TIET_SU_DUNG_DV values('MDP146','MDV01',30)
insert into CHI_TIET_SU_DUNG_DV values('MDP147','MDV02',6)
insert into CHI_TIET_SU_DUNG_DV values('MDP148','MDV01',40)
insert into CHI_TIET_SU_DUNG_DV values('MDP149','MDV01',40)
insert into CHI_TIET_SU_DUNG_DV values('MDP150','MDV02',2)
insert into CHI_TIET_SU_DUNG_DV values('MDP151','MDV01',20)
insert into CHI_TIET_SU_DUNG_DV values('MDP152','MDV01',45)
insert into CHI_TIET_SU_DUNG_DV values('MDP153','MDV02',6)
insert into CHI_TIET_SU_DUNG_DV values('MDP154','MDV01',50)
insert into CHI_TIET_SU_DUNG_DV values('MDP155','MDV01',10)
insert into CHI_TIET_SU_DUNG_DV values('MDP156','MDV02',4)
insert into CHI_TIET_SU_DUNG_DV values('MDP157','MDV01',6)
insert into CHI_TIET_SU_DUNG_DV values('MDP158','MDV01',30)
insert into CHI_TIET_SU_DUNG_DV values('MDP159','MDV02',6)
insert into CHI_TIET_SU_DUNG_DV values('MDP160','MDV01',40)
insert into CHI_TIET_SU_DUNG_DV values('MDP168','MDV01',40)
insert into CHI_TIET_SU_DUNG_DV values('MDP170','MDV02',2)
insert into CHI_TIET_SU_DUNG_DV values('MDP171','MDV01',20)
insert into CHI_TIET_SU_DUNG_DV values('MDP172','MDV01',45)
insert into CHI_TIET_SU_DUNG_DV values('MDP173','MDV02',6)
insert into CHI_TIET_SU_DUNG_DV values('MDP174','MDV01',50)
insert into CHI_TIET_SU_DUNG_DV values('MDP173','MDV03',6)
insert into CHI_TIET_SU_DUNG_DV values('MDP174','MDV04',50)
go

insert into CHI_TIET_SU_DUNG_DV values('MDP176','MDV02',6)
insert into CHI_TIET_SU_DUNG_DV values('MDP177','MDV01',40)
insert into CHI_TIET_SU_DUNG_DV values('MDP178','MDV01',40)
insert into CHI_TIET_SU_DUNG_DV values('MDP179','MDV02',2)
insert into CHI_TIET_SU_DUNG_DV values('MDP180','MDV01',20)
insert into CHI_TIET_SU_DUNG_DV values('MDP181','MDV01',45)
insert into CHI_TIET_SU_DUNG_DV values('MDP182','MDV02',6)
insert into CHI_TIET_SU_DUNG_DV values('MDP183','MDV01',50)
insert into CHI_TIET_SU_DUNG_DV values('MDP184','MDV03',6)
insert into CHI_TIET_SU_DUNG_DV values('MDP185','MDV04',50)

insert into CHI_TIET_SU_DUNG_DV values('MDP186','MDV02',6)
insert into CHI_TIET_SU_DUNG_DV values('MDP187','MDV01',40)
insert into CHI_TIET_SU_DUNG_DV values('MDP188','MDV01',40)
insert into CHI_TIET_SU_DUNG_DV values('MDP189','MDV03',3)
insert into CHI_TIET_SU_DUNG_DV values('MDP190','MDV01',20)
insert into CHI_TIET_SU_DUNG_DV values('MDP191','MDV06',45)
insert into CHI_TIET_SU_DUNG_DV values('MDP192','MDV02',6)
insert into CHI_TIET_SU_DUNG_DV values('MDP193','MDV01',50)
insert into CHI_TIET_SU_DUNG_DV values('MDP194','MDV06',6)
insert into CHI_TIET_SU_DUNG_DV values('MDP195','MDV04',50)

insert into CHI_TIET_SU_DUNG_DV values('MDP196','MDV02',6)
insert into CHI_TIET_SU_DUNG_DV values('MDP197','MDV01',40)
insert into CHI_TIET_SU_DUNG_DV values('MDP198','MDV01',40)
insert into CHI_TIET_SU_DUNG_DV values('MDP199','MDV03',3)
insert into CHI_TIET_SU_DUNG_DV values('MDP200','MDV01',20)
insert into CHI_TIET_SU_DUNG_DV values('MDP201','MDV06',45)
insert into CHI_TIET_SU_DUNG_DV values('MDP202','MDV02',6)
insert into CHI_TIET_SU_DUNG_DV values('MDP203','MDV01',50)
insert into CHI_TIET_SU_DUNG_DV values('MDP204','MDV06',6)
insert into CHI_TIET_SU_DUNG_DV values('MDP205','MDV04',50)


insert into CHI_TIET_SU_DUNG_DV values('MDP235','MDV02',6)
insert into CHI_TIET_SU_DUNG_DV values('MDP234','MDV01',40)
insert into CHI_TIET_SU_DUNG_DV values('MDP233','MDV01',40)
insert into CHI_TIET_SU_DUNG_DV values('MDP232','MDV03',3)
insert into CHI_TIET_SU_DUNG_DV values('MDP231','MDV01',20)
insert into CHI_TIET_SU_DUNG_DV values('MDP230','MDV06',45)
insert into CHI_TIET_SU_DUNG_DV values('MDP229','MDV02',6)
insert into CHI_TIET_SU_DUNG_DV values('MDP228','MDV01',50)
insert into CHI_TIET_SU_DUNG_DV values('MDP227','MDV06',6)
insert into CHI_TIET_SU_DUNG_DV values('MDP226','MDV04',50)

insert into CHI_TIET_SU_DUNG_DV values('MDP236','MDV02',6)
insert into CHI_TIET_SU_DUNG_DV values('MDP237','MDV01',40)
insert into CHI_TIET_SU_DUNG_DV values('MDP238','MDV01',40)
insert into CHI_TIET_SU_DUNG_DV values('MDP239','MDV03',3)
insert into CHI_TIET_SU_DUNG_DV values('MDP240','MDV03',50)
insert into CHI_TIET_SU_DUNG_DV values('MDP241','MDV06',45)
insert into CHI_TIET_SU_DUNG_DV values('MDP242','MDV02',6)
insert into CHI_TIET_SU_DUNG_DV values('MDP243','MDV01',50)
insert into CHI_TIET_SU_DUNG_DV values('MDP244','MDV06',6)
insert into CHI_TIET_SU_DUNG_DV values('MDP245','MDV04',50)

insert into CHI_TIET_SU_DUNG_DV values('MDP255','MDV02',6)
insert into CHI_TIET_SU_DUNG_DV values('MDP254','MDV01',40)
insert into CHI_TIET_SU_DUNG_DV values('MDP253','MDV01',40)
insert into CHI_TIET_SU_DUNG_DV values('MDP252','MDV03',3)
insert into CHI_TIET_SU_DUNG_DV values('MDP251','MDV03',50)
insert into CHI_TIET_SU_DUNG_DV values('MDP250','MDV06',45)
insert into CHI_TIET_SU_DUNG_DV values('MDP249','MDV02',6)
insert into CHI_TIET_SU_DUNG_DV values('MDP248','MDV01',50)
insert into CHI_TIET_SU_DUNG_DV values('MDP247','MDV06',6)
insert into CHI_TIET_SU_DUNG_DV values('MDP246','MDV04',50)


insert into CHI_TIET_SU_DUNG_DV values('MDP256','MDV02',6)
insert into CHI_TIET_SU_DUNG_DV values('MDP257','MDV01',40)
insert into CHI_TIET_SU_DUNG_DV values('MDP258','MDV01',40)
insert into CHI_TIET_SU_DUNG_DV values('MDP259','MDV03',3)
insert into CHI_TIET_SU_DUNG_DV values('MDP260','MDV03',50)
insert into CHI_TIET_SU_DUNG_DV values('MDP261','MDV03',50)
insert into CHI_TIET_SU_DUNG_DV values('MDP262','MDV03',50)
insert into CHI_TIET_SU_DUNG_DV values('MDP263','MDV03',50)
insert into CHI_TIET_SU_DUNG_DV values('MDP264','MDV03',50)
insert into CHI_TIET_SU_DUNG_DV values('MDP265','MDV03',50)
insert into CHI_TIET_SU_DUNG_DV values('MDP266','MDV03',50)
insert into CHI_TIET_SU_DUNG_DV values('MDP267','MDV03',50)
insert into CHI_TIET_SU_DUNG_DV values('MDP268','MDV03',50)
insert into CHI_TIET_SU_DUNG_DV values('MDP269','MDV03',50)
insert into CHI_TIET_SU_DUNG_DV values('MDP270','MDV03',50)

insert into CHI_TIET_SU_DUNG_DV values('MDP271','MDV03',50)
insert into CHI_TIET_SU_DUNG_DV values('MDP272','MDV03',50)
insert into CHI_TIET_SU_DUNG_DV values('MDP273','MDV03',50)
insert into CHI_TIET_SU_DUNG_DV values('MDP274','MDV03',50)
insert into CHI_TIET_SU_DUNG_DV values('MDP275','MDV03',50)
insert into CHI_TIET_SU_DUNG_DV values('MDP276','MDV03',50)
insert into CHI_TIET_SU_DUNG_DV values('MDP277','MDV03',50)
insert into CHI_TIET_SU_DUNG_DV values('MDP278','MDV03',50)
insert into CHI_TIET_SU_DUNG_DV values('MDP279','MDV03',50)
insert into CHI_TIET_SU_DUNG_DV values('MDP280','MDV03',50)

insert into CHI_TIET_SU_DUNG_DV values('MDP281','MDV01',50)
insert into CHI_TIET_SU_DUNG_DV values('MDP282','MDV02',50)
insert into CHI_TIET_SU_DUNG_DV values('MDP283','MDV03',3)
insert into CHI_TIET_SU_DUNG_DV values('MDP284','MDV01',50)
insert into CHI_TIET_SU_DUNG_DV values('MDP285','MDV01',50)
insert into CHI_TIET_SU_DUNG_DV values('MDP286','MDV02',5)
insert into CHI_TIET_SU_DUNG_DV values('MDP287','MDV01',50)
insert into CHI_TIET_SU_DUNG_DV values('MDP288','MDV02',6)
insert into CHI_TIET_SU_DUNG_DV values('MDP289','MDV04',5)
insert into CHI_TIET_SU_DUNG_DV values('MDP290','MDV03',10)

insert into CHI_TIET_SU_DUNG_DV values('MDP291','MDV01',50)
insert into CHI_TIET_SU_DUNG_DV values('MDP292','MDV02',10)
insert into CHI_TIET_SU_DUNG_DV values('MDP293','MDV03',3)
insert into CHI_TIET_SU_DUNG_DV values('MDP294','MDV01',50)
insert into CHI_TIET_SU_DUNG_DV values('MDP295','MDV01',50)
insert into CHI_TIET_SU_DUNG_DV values('MDP296','MDV02',5)
insert into CHI_TIET_SU_DUNG_DV values('MDP297','MDV01',50)
insert into CHI_TIET_SU_DUNG_DV values('MDP298','MDV02',6)
insert into CHI_TIET_SU_DUNG_DV values('MDP299','MDV04',30)
insert into CHI_TIET_SU_DUNG_DV values('MDP300','MDV03',10)

insert into CHI_TIET_SU_DUNG_DV values('MDP301','MDV01',50)
insert into CHI_TIET_SU_DUNG_DV values('MDP302','MDV02',10)
insert into CHI_TIET_SU_DUNG_DV values('MDP303','MDV03',3)
insert into CHI_TIET_SU_DUNG_DV values('MDP304','MDV01',50)
insert into CHI_TIET_SU_DUNG_DV values('MDP305','MDV01',50)
insert into CHI_TIET_SU_DUNG_DV values('MDP306','MDV02',5)
insert into CHI_TIET_SU_DUNG_DV values('MDP307','MDV01',50)
insert into CHI_TIET_SU_DUNG_DV values('MDP308','MDV02',6)
insert into CHI_TIET_SU_DUNG_DV values('MDP309','MDV04',30)
insert into CHI_TIET_SU_DUNG_DV values('MDP310','MDV03',10)

insert into CHI_TIET_SU_DUNG_DV values('MDP311','MDV01',50)
insert into CHI_TIET_SU_DUNG_DV values('MDP312','MDV02',10)
insert into CHI_TIET_SU_DUNG_DV values('MDP313','MDV03',3)
insert into CHI_TIET_SU_DUNG_DV values('MDP314','MDV01',50)
insert into CHI_TIET_SU_DUNG_DV values('MDP315','MDV01',50)
insert into CHI_TIET_SU_DUNG_DV values('MDP316','MDV02',5)
insert into CHI_TIET_SU_DUNG_DV values('MDP317','MDV01',50)
insert into CHI_TIET_SU_DUNG_DV values('MDP318','MDV02',6)
insert into CHI_TIET_SU_DUNG_DV values('MDP319','MDV04',30)
insert into CHI_TIET_SU_DUNG_DV values('MDP320','MDV03',10)

insert into CHI_TIET_SU_DUNG_DV values('MDP321','MDV01',50)
insert into CHI_TIET_SU_DUNG_DV values('MDP322','MDV02',10)
insert into CHI_TIET_SU_DUNG_DV values('MDP323','MDV03',3)
insert into CHI_TIET_SU_DUNG_DV values('MDP324','MDV01',50)
insert into CHI_TIET_SU_DUNG_DV values('MDP325','MDV01',50)
insert into CHI_TIET_SU_DUNG_DV values('MDP326','MDV02',5)
insert into CHI_TIET_SU_DUNG_DV values('MDP327','MDV01',50)
insert into CHI_TIET_SU_DUNG_DV values('MDP328','MDV02',6)
insert into CHI_TIET_SU_DUNG_DV values('MDP329','MDV04',30)
insert into CHI_TIET_SU_DUNG_DV values('MDP330','MDV03',10)

insert into CHI_TIET_SU_DUNG_DV values('MDP331','MDV01',50)
insert into CHI_TIET_SU_DUNG_DV values('MDP332','MDV02',10)
insert into CHI_TIET_SU_DUNG_DV values('MDP333','MDV03',3)
insert into CHI_TIET_SU_DUNG_DV values('MDP334','MDV01',50)
insert into CHI_TIET_SU_DUNG_DV values('MDP335','MDV01',50)
insert into CHI_TIET_SU_DUNG_DV values('MDP336','MDV02',5)
insert into CHI_TIET_SU_DUNG_DV values('MDP337','MDV01',50)
insert into CHI_TIET_SU_DUNG_DV values('MDP338','MDV02',6)
insert into CHI_TIET_SU_DUNG_DV values('MDP339','MDV04',30)
insert into CHI_TIET_SU_DUNG_DV values('MDP340','MDV03',10)

insert into CHI_TIET_SU_DUNG_DV values('MDP341','MDV01',50)
insert into CHI_TIET_SU_DUNG_DV values('MDP342','MDV02',10)
insert into CHI_TIET_SU_DUNG_DV values('MDP343','MDV03',3)
insert into CHI_TIET_SU_DUNG_DV values('MDP344','MDV01',50)
insert into CHI_TIET_SU_DUNG_DV values('MDP345','MDV01',50)
insert into CHI_TIET_SU_DUNG_DV values('MDP346','MDV02',5)
insert into CHI_TIET_SU_DUNG_DV values('MDP347','MDV01',50)
insert into CHI_TIET_SU_DUNG_DV values('MDP348','MDV02',6)
insert into CHI_TIET_SU_DUNG_DV values('MDP349','MDV04',30)
insert into CHI_TIET_SU_DUNG_DV values('MDP350','MDV03',10)

insert into CHI_TIET_SU_DUNG_DV values('MDP351','MDV01',50)
insert into CHI_TIET_SU_DUNG_DV values('MDP352','MDV02',10)
insert into CHI_TIET_SU_DUNG_DV values('MDP353','MDV03',3)
insert into CHI_TIET_SU_DUNG_DV values('MDP354','MDV01',50)
insert into CHI_TIET_SU_DUNG_DV values('MDP355','MDV01',50)
insert into CHI_TIET_SU_DUNG_DV values('MDP356','MDV02',5)
insert into CHI_TIET_SU_DUNG_DV values('MDP357','MDV01',50)
insert into CHI_TIET_SU_DUNG_DV values('MDP358','MDV02',6)
insert into CHI_TIET_SU_DUNG_DV values('MDP359','MDV04',30)
insert into CHI_TIET_SU_DUNG_DV values('MDP360','MDV03',10)

insert into CHI_TIET_SU_DUNG_DV values('MDP361','MDV01',50)
insert into CHI_TIET_SU_DUNG_DV values('MDP362','MDV02',10)
insert into CHI_TIET_SU_DUNG_DV values('MDP363','MDV03',3)
insert into CHI_TIET_SU_DUNG_DV values('MDP364','MDV01',50)
insert into CHI_TIET_SU_DUNG_DV values('MDP365','MDV01',50)
insert into CHI_TIET_SU_DUNG_DV values('MDP366','MDV02',5)
insert into CHI_TIET_SU_DUNG_DV values('MDP367','MDV01',50)
insert into CHI_TIET_SU_DUNG_DV values('MDP368','MDV02',6)
insert into CHI_TIET_SU_DUNG_DV values('MDP369','MDV04',30)
insert into CHI_TIET_SU_DUNG_DV values('MDP370','MDV03',10)

insert into CHI_TIET_SU_DUNG_DV values('MDP371','MDV01',50)
insert into CHI_TIET_SU_DUNG_DV values('MDP372','MDV02',10)
insert into CHI_TIET_SU_DUNG_DV values('MDP373','MDV03',3)
insert into CHI_TIET_SU_DUNG_DV values('MDP374','MDV01',50)
insert into CHI_TIET_SU_DUNG_DV values('MDP375','MDV01',50)
insert into CHI_TIET_SU_DUNG_DV values('MDP376','MDV02',5)
insert into CHI_TIET_SU_DUNG_DV values('MDP377','MDV01',50)
insert into CHI_TIET_SU_DUNG_DV values('MDP378','MDV02',6)
insert into CHI_TIET_SU_DUNG_DV values('MDP379','MDV04',30)
insert into CHI_TIET_SU_DUNG_DV values('MDP380','MDV03',10)

insert into CHI_TIET_SU_DUNG_DV values('MDP391','MDV01',50)
insert into CHI_TIET_SU_DUNG_DV values('MDP382','MDV02',10)
insert into CHI_TIET_SU_DUNG_DV values('MDP383','MDV03',3)
insert into CHI_TIET_SU_DUNG_DV values('MDP384','MDV01',50)
insert into CHI_TIET_SU_DUNG_DV values('MDP385','MDV01',50)
insert into CHI_TIET_SU_DUNG_DV values('MDP386','MDV02',5)
insert into CHI_TIET_SU_DUNG_DV values('MDP387','MDV01',50)
insert into CHI_TIET_SU_DUNG_DV values('MDP388','MDV02',6)
insert into CHI_TIET_SU_DUNG_DV values('MDP389','MDV04',30)
insert into CHI_TIET_SU_DUNG_DV values('MDP390','MDV03',10)

select * from CHI_TIET_SU_DUNG_DV
select * from DICH_VU_DI_KEM
select * from DAT_PHONG
select * from PHONG
select * from KHACH_HANG
--truy vấn dữ liệu
--1
select distinct tenkh,sodt,madatphong
from KHACH_HANG,DAT_PHONG
where KHACH_HANG.MaKH=DAT_PHONG.MaKH and DAT_PHONG.MaKH='KH10'
--2
select ngaydat,tenkh,madatphong,maphong
from KHACH_HANG,DAT_PHONG
where KHACH_HANG.MaKH=DAT_PHONG.MaKH and month(ngaydat)='05' and year(ngaydat)='2022'
--3
select tenkh,KHACH_HANG.makh,diachi,sodt
from KHACH_HANG,DICH_VU_DI_KEM,CHI_TIET_SU_DUNG_DV,DAT_PHONG
where KHACH_HANG.MaKH=DAT_PHONG.MaKH 
and DAT_PHONG.MaDatPhong=CHI_TIET_SU_DUNG_DV.MaDatPhong 
and DICH_VU_DI_KEM.MaDV=CHI_TIET_SU_DUNG_DV.MaDV 
and diachi like N'%Quy Nhơn%' and DICH_VU_DI_KEM.madv='MDV05'
--4(có dữ liệu)
update DAT_PHONG
set TienDatCoc=TienDatCoc+500000
where MaKH='KH05' and NgayDat='2022-02-12'
--4(đề câu ko có dữ liệu)
update DAT_PHONG
set TienDatCoc=TienDatCoc+500000
where MaKH='KH09' and NgayDat='2022-01-05'
--5
select top 1 tenkh,diachi,sodt
from KHACH_HANG,DAT_PHONG
where KHACH_HANG.MaKH=DAT_PHONG.MaKH
--6
select tenkh,diachi
from KHACH_HANG,CHI_TIET_SU_DUNG_DV,DAT_PHONG
where KHACH_HANG.makh=DAT_PHONG.MaKH 
and DAT_PHONG.MaDatPhong=CHI_TIET_SU_DUNG_DV.MaDatPhong 
and soluong>5
--7
select datediff(hour,giobatdau,gioketthuc) as thoigiancaonhat,maphong,madatphong,MaKH
from DAT_PHONG
where datediff(hour,giobatdau,gioketthuc)=
(select top 1 datediff(hour,giobatdau,gioketthuc) from DAT_PHONG)
--8
create proc sp_chitietdonhang (@x char(10))
as 
select distinct tenkh,maphong,ngaydat ,giobatdau,gioketthuc
from KHACH_HANG,DAT_PHONG
where KHACH_HANG.MaKH=DAT_PHONG.MaKH and @x=maphong
drop proc sp_chitietdonhang
execute sp_chitietdonhang 'MP04'
--9
create function fn_trungbinhmoiphong (@x date)
returns float
begin 
declare @sotien float
select @sotien=avg(tiendatcoc)
from DAT_PHONG
return @sotien 
end
select dbo.fn_trungbinhmoiphong ('2022-02-12') as Ngaydatphong

select * from CHI_TIET_SU_DUNG_DV
select * from DICH_VU_DI_KEM
select * from DAT_PHONG
select * from PHONG
select * from KHACH_HANG